Date,HomeTeam,AwayTeam,Temporada,FTHG,FTAG,HTHG,HTAG,HST,AST,HC,AC,Equipo_Perdiendo,Corners_Perd,Corners_Rival,Tiros_Perd,Tiros_Rival,Goles_Perd_Final,Total_Corners,Resultado_Final
13/08/2021,Brentford,Arsenal,2021-2022,2,0,1,0,3,4,2,5,Arsenal,5,2,4,3,0,7,Derrota (P)
14/08/2021,Man United,Leeds,2021-2022,5,1,1,0,8,3,5,4,Leeds,4,5,3,8,1,9,Derrota (P)
14/08/2021,Burnley,Brighton,2021-2022,1,2,1,0,3,8,7,6,Brighton,6,7,8,3,2,13,Remontada (G)
14/08/2021,Chelsea,Crystal Palace,2021-2022,3,0,2,0,6,1,5,2,Crystal Palace,2,5,1,6,0,7,Derrota (P)
14/08/2021,Everton,Southampton,2021-2022,3,1,0,1,6,3,6,8,Everton,6,8,6,3,3,14,Remontada (G)
14/08/2021,Leicester,Wolves,2021-2022,1,0,1,0,5,3,5,4,Wolves,4,5,3,5,0,9,Derrota (P)
14/08/2021,Watford,Aston Villa,2021-2022,3,2,2,0,7,2,2,4,Aston Villa,4,2,2,7,2,6,Derrota (P)
14/08/2021,Norwich,Liverpool,2021-2022,0,3,0,1,3,8,3,11,Norwich,3,11,3,8,0,14,Derrota (P)
15/08/2021,Newcastle,West Ham,2021-2022,2,4,2,1,3,9,7,6,West Ham,6,7,9,3,4,13,Remontada (G)
21/08/2021,Liverpool,Burnley,2021-2022,2,0,1,0,9,3,8,4,Burnley,4,8,3,9,0,12,Derrota (P)
21/08/2021,Aston Villa,Newcastle,2021-2022,2,0,1,0,2,1,3,4,Newcastle,4,3,1,2,0,7,Derrota (P)
21/08/2021,Man City,Norwich,2021-2022,5,0,2,0,4,0,6,1,Norwich,1,6,0,4,0,7,Derrota (P)
21/08/2021,Brighton,Watford,2021-2022,2,0,2,0,3,1,7,2,Watford,2,7,1,3,0,9,Derrota (P)
22/08/2021,Southampton,Man United,2021-2022,1,1,1,0,3,4,7,7,Man United,7,7,4,3,1,14,Empate (E)
22/08/2021,Wolves,Tottenham,2021-2022,0,1,0,1,6,6,5,4,Wolves,5,4,6,6,0,9,Derrota (P)
22/08/2021,Arsenal,Chelsea,2021-2022,0,2,0,2,3,5,9,8,Arsenal,9,8,3,5,0,17,Derrota (P)
23/08/2021,West Ham,Leicester,2021-2022,4,1,1,0,7,1,10,0,Leicester,0,10,1,7,1,10,Derrota (P)
28/08/2021,Man City,Arsenal,2021-2022,5,0,3,0,10,0,14,0,Arsenal,0,14,0,10,0,14,Derrota (P)
28/08/2021,Brighton,Everton,2021-2022,0,2,0,1,3,5,4,5,Brighton,4,5,3,5,0,9,Derrota (P)
28/08/2021,West Ham,Crystal Palace,2021-2022,2,2,1,0,4,2,5,3,Crystal Palace,3,5,2,4,2,8,Empate (E)
29/08/2021,Tottenham,Watford,2021-2022,1,0,1,0,8,2,10,3,Watford,3,10,2,8,0,13,Derrota (P)
11/09/2021,Man United,Newcastle,2021-2022,4,1,1,0,7,3,7,3,Newcastle,3,7,3,7,1,10,Derrota (P)
11/09/2021,Chelsea,Aston Villa,2021-2022,3,0,1,0,4,6,4,11,Aston Villa,11,4,6,4,0,15,Derrota (P)
12/09/2021,Leeds,Liverpool,2021-2022,0,3,0,1,4,9,2,11,Leeds,2,11,4,9,0,13,Derrota (P)
18/09/2021,Wolves,Brentford,2021-2022,0,2,0,2,0,3,4,2,Wolves,4,2,0,3,0,6,Derrota (P)
18/09/2021,Burnley,Arsenal,2021-2022,0,1,0,1,3,3,8,3,Burnley,8,3,3,3,0,11,Derrota (P)
18/09/2021,Liverpool,Crystal Palace,2021-2022,3,0,1,0,10,2,10,5,Crystal Palace,5,10,2,10,0,15,Derrota (P)
19/09/2021,Brighton,Leicester,2021-2022,2,1,1,0,5,3,4,9,Leicester,9,4,3,5,1,13,Derrota (P)
25/09/2021,Everton,Norwich,2021-2022,2,0,1,0,4,2,6,4,Norwich,4,6,2,4,0,10,Derrota (P)
25/09/2021,Leeds,West Ham,2021-2022,1,2,1,0,5,7,5,7,West Ham,7,5,7,5,2,12,Remontada (G)
25/09/2021,Leicester,Burnley,2021-2022,2,2,1,2,5,3,8,4,Leicester,8,4,5,3,2,12,Empate (E)
25/09/2021,Watford,Newcastle,2021-2022,1,1,0,1,4,6,5,6,Watford,5,6,4,6,1,11,Empate (E)
26/09/2021,Arsenal,Tottenham,2021-2022,3,1,3,0,7,4,4,4,Tottenham,4,4,4,7,1,8,Derrota (P)
27/09/2021,Crystal Palace,Brighton,2021-2022,1,1,1,0,3,4,6,5,Brighton,5,6,4,3,1,11,Empate (E)
02/10/2021,Man United,Everton,2021-2022,1,1,1,0,6,2,10,1,Everton,1,10,2,6,1,11,Empate (E)
02/10/2021,Chelsea,Southampton,2021-2022,3,1,1,0,9,2,7,2,Southampton,2,7,2,9,1,9,Derrota (P)
02/10/2021,Leeds,Watford,2021-2022,1,0,1,0,4,1,6,3,Watford,3,6,1,4,0,9,Derrota (P)
03/10/2021,Crystal Palace,Leicester,2021-2022,2,2,0,2,4,5,1,3,Crystal Palace,1,3,4,5,2,4,Empate (E)
03/10/2021,Tottenham,Aston Villa,2021-2022,2,1,1,0,8,3,5,8,Aston Villa,8,5,3,8,1,13,Derrota (P)
03/10/2021,West Ham,Brentford,2021-2022,1,2,0,1,5,6,11,6,West Ham,11,6,5,6,1,17,Derrota (P)
16/10/2021,Watford,Liverpool,2021-2022,0,5,0,2,2,8,1,9,Watford,1,9,2,8,0,10,Derrota (P)
16/10/2021,Man City,Burnley,2021-2022,2,0,1,0,6,2,6,2,Burnley,2,6,2,6,0,8,Derrota (P)
16/10/2021,Brentford,Chelsea,2021-2022,0,1,0,1,7,1,5,5,Brentford,5,5,7,1,0,10,Derrota (P)
17/10/2021,Newcastle,Tottenham,2021-2022,2,3,1,3,1,4,2,9,Newcastle,2,9,1,4,2,11,Derrota (P)
18/10/2021,Arsenal,Crystal Palace,2021-2022,2,2,1,0,6,6,6,4,Crystal Palace,4,6,6,6,2,10,Empate (E)
22/10/2021,Arsenal,Aston Villa,2021-2022,3,1,2,0,9,4,7,4,Aston Villa,4,7,4,9,1,11,Derrota (P)
23/10/2021,Chelsea,Norwich,2021-2022,7,0,3,0,13,1,5,0,Norwich,0,5,1,13,0,5,Derrota (P)
23/10/2021,Leeds,Wolves,2021-2022,1,1,0,1,4,4,6,3,Leeds,6,3,4,4,1,9,Empate (E)
23/10/2021,Brighton,Man City,2021-2022,1,4,0,3,5,14,7,6,Brighton,7,6,5,14,1,13,Derrota (P)
24/10/2021,Brentford,Leicester,2021-2022,1,2,0,1,5,6,9,2,Brentford,9,2,5,6,1,11,Derrota (P)
24/10/2021,Man United,Liverpool,2021-2022,0,5,0,4,4,8,6,3,Man United,6,3,4,8,0,9,Derrota (P)
30/10/2021,Leicester,Arsenal,2021-2022,0,2,0,2,8,5,7,6,Leicester,7,6,8,5,0,13,Derrota (P)
30/10/2021,Burnley,Brentford,2021-2022,3,1,3,0,6,5,4,2,Brentford,2,4,5,6,1,6,Derrota (P)
30/10/2021,Liverpool,Brighton,2021-2022,2,2,2,1,3,6,5,3,Brighton,3,5,6,3,2,8,Empate (E)
30/10/2021,Man City,Crystal Palace,2021-2022,0,2,0,1,3,3,7,1,Man City,7,1,3,3,0,8,Derrota (P)
30/10/2021,Watford,Southampton,2021-2022,0,1,0,1,4,1,5,8,Watford,5,8,4,1,0,13,Derrota (P)
30/10/2021,Tottenham,Man United,2021-2022,0,3,0,1,0,4,10,2,Tottenham,10,2,0,4,0,12,Derrota (P)
31/10/2021,Aston Villa,West Ham,2021-2022,1,4,1,2,3,9,3,6,Aston Villa,3,6,3,9,1,9,Derrota (P)
01/11/2021,Wolves,Everton,2021-2022,2,1,2,0,4,5,4,3,Everton,3,4,5,4,1,7,Derrota (P)
05/11/2021,Southampton,Aston Villa,2021-2022,1,0,1,0,3,3,10,8,Aston Villa,8,10,3,3,0,18,Derrota (P)
06/11/2021,Man United,Man City,2021-2022,0,2,0,2,1,5,1,9,Man United,1,9,1,5,0,10,Derrota (P)
06/11/2021,Brentford,Norwich,2021-2022,1,2,0,2,7,5,6,2,Brentford,6,2,7,5,1,8,Derrota (P)
06/11/2021,Chelsea,Burnley,2021-2022,1,1,1,0,4,2,14,2,Burnley,2,14,2,4,1,16,Empate (E)
06/11/2021,Brighton,Newcastle,2021-2022,1,1,1,0,5,1,2,5,Newcastle,5,2,1,5,1,7,Empate (E)
20/11/2021,Leicester,Chelsea,2021-2022,0,3,0,2,3,7,3,5,Leicester,3,5,3,7,0,8,Derrota (P)
20/11/2021,Burnley,Crystal Palace,2021-2022,3,3,2,3,9,8,3,6,Burnley,3,6,9,8,3,9,Empate (E)
20/11/2021,Watford,Man United,2021-2022,4,1,2,0,7,3,9,3,Man United,3,9,3,7,1,12,Derrota (P)
20/11/2021,Liverpool,Arsenal,2021-2022,4,0,1,0,9,3,6,1,Arsenal,1,6,3,9,0,7,Derrota (P)
21/11/2021,Man City,Everton,2021-2022,3,0,1,0,7,1,7,1,Everton,1,7,1,7,0,8,Derrota (P)
21/11/2021,Tottenham,Leeds,2021-2022,2,1,0,1,4,7,4,8,Tottenham,4,8,4,7,2,12,Remontada (G)
27/11/2021,Crystal Palace,Aston Villa,2021-2022,1,2,0,1,3,3,7,3,Crystal Palace,7,3,3,3,1,10,Derrota (P)
27/11/2021,Liverpool,Southampton,2021-2022,4,0,3,0,6,3,5,7,Southampton,7,5,3,6,0,12,Derrota (P)
28/11/2021,Brentford,Everton,2021-2022,1,0,1,0,4,5,3,3,Everton,3,3,5,4,0,6,Derrota (P)
28/11/2021,Leicester,Watford,2021-2022,4,2,3,1,8,5,8,6,Watford,6,8,5,8,2,14,Derrota (P)
28/11/2021,Man City,West Ham,2021-2022,2,1,1,0,9,3,8,4,West Ham,4,8,3,9,1,12,Derrota (P)
01/12/2021,Southampton,Leicester,2021-2022,2,2,2,1,7,6,2,4,Leicester,4,2,6,7,2,6,Empate (E)
01/12/2021,West Ham,Brighton,2021-2022,1,1,1,0,6,3,9,5,Brighton,5,9,3,6,1,14,Empate (E)
01/12/2021,Aston Villa,Man City,2021-2022,1,2,0,2,3,7,4,11,Aston Villa,4,11,3,7,1,15,Derrota (P)
01/12/2021,Everton,Liverpool,2021-2022,1,4,1,2,2,7,3,11,Everton,3,11,2,7,1,14,Derrota (P)
02/12/2021,Tottenham,Brentford,2021-2022,2,0,1,0,6,2,11,5,Brentford,5,11,2,6,0,16,Derrota (P)
04/12/2021,West Ham,Chelsea,2021-2022,3,2,1,2,5,7,1,9,West Ham,1,9,5,7,3,10,Remontada (G)
04/12/2021,Newcastle,Burnley,2021-2022,1,0,1,0,4,1,10,3,Burnley,3,10,1,4,0,13,Derrota (P)
04/12/2021,Southampton,Brighton,2021-2022,1,1,1,0,4,4,6,2,Brighton,2,6,4,4,1,8,Empate (E)
04/12/2021,Watford,Man City,2021-2022,1,3,0,2,4,13,5,11,Watford,5,11,4,13,1,16,Derrota (P)
05/12/2021,Leeds,Brentford,2021-2022,2,2,1,0,6,3,5,1,Brentford,1,5,3,6,2,6,Empate (E)
05/12/2021,Tottenham,Norwich,2021-2022,3,0,1,0,7,1,6,4,Norwich,4,6,1,7,0,10,Derrota (P)
06/12/2021,Everton,Arsenal,2021-2022,2,1,0,1,5,3,3,3,Everton,3,3,5,3,2,6,Remontada (G)
10/12/2021,Brentford,Watford,2021-2022,2,1,0,1,5,2,8,2,Brentford,8,2,5,2,2,10,Remontada (G)
11/12/2021,Arsenal,Southampton,2021-2022,3,0,2,0,5,6,9,8,Southampton,8,9,6,5,0,17,Derrota (P)
12/12/2021,Leicester,Newcastle,2021-2022,4,0,1,0,5,3,4,6,Newcastle,6,4,3,5,0,10,Derrota (P)
12/12/2021,Crystal Palace,Everton,2021-2022,3,1,1,0,6,6,8,2,Everton,2,8,6,6,1,10,Derrota (P)
14/12/2021,Norwich,Aston Villa,2021-2022,0,2,0,1,3,6,7,10,Norwich,7,10,3,6,0,17,Derrota (P)
14/12/2021,Man City,Leeds,2021-2022,7,0,3,0,15,3,6,2,Leeds,2,6,3,15,0,8,Derrota (P)
15/12/2021,Brighton,Wolves,2021-2022,0,1,0,1,2,5,7,4,Brighton,7,4,2,5,0,11,Derrota (P)
15/12/2021,Crystal Palace,Southampton,2021-2022,2,2,1,2,6,4,4,6,Crystal Palace,4,6,6,4,2,10,Empate (E)
16/12/2021,Liverpool,Newcastle,2021-2022,3,1,2,1,8,2,11,0,Newcastle,0,11,2,8,1,11,Derrota (P)
18/12/2021,Leeds,Arsenal,2021-2022,1,4,0,3,2,12,1,4,Leeds,1,4,2,12,1,5,Derrota (P)
19/12/2021,Newcastle,Man City,2021-2022,0,4,0,2,1,7,3,6,Newcastle,3,6,1,7,0,9,Derrota (P)
26/12/2021,Man City,Leicester,2021-2022,6,3,4,0,9,8,14,4,Leicester,4,14,8,9,3,18,Derrota (P)
26/12/2021,Norwich,Arsenal,2021-2022,0,5,0,2,2,6,3,5,Norwich,3,5,2,6,0,8,Derrota (P)
26/12/2021,Tottenham,Crystal Palace,2021-2022,3,0,2,0,6,0,4,2,Crystal Palace,2,4,0,6,0,6,Derrota (P)
26/12/2021,West Ham,Southampton,2021-2022,2,3,0,1,5,6,10,2,West Ham,10,2,5,6,2,12,Derrota (P)
26/12/2021,Brighton,Brentford,2021-2022,2,0,2,0,5,6,6,9,Brentford,9,6,6,5,0,15,Derrota (P)
27/12/2021,Newcastle,Man United,2021-2022,1,1,1,0,8,4,2,4,Man United,4,2,4,8,1,6,Empate (E)
28/12/2021,Crystal Palace,Norwich,2021-2022,3,0,3,0,6,3,8,8,Norwich,8,8,3,6,0,16,Derrota (P)
28/12/2021,Watford,West Ham,2021-2022,1,4,1,2,5,6,4,5,Watford,4,5,5,6,1,9,Derrota (P)
29/12/2021,Chelsea,Brighton,2021-2022,1,1,1,0,5,6,10,8,Brighton,8,10,6,5,1,18,Empate (E)
29/12/2021,Brentford,Man City,2021-2022,0,1,0,1,2,3,3,5,Brentford,3,5,2,3,0,8,Derrota (P)
30/12/2021,Man United,Burnley,2021-2022,3,1,3,1,6,3,7,5,Burnley,5,7,3,6,1,12,Derrota (P)
01/01/2022,Arsenal,Man City,2021-2022,1,2,1,0,2,2,5,5,Man City,5,5,2,2,2,10,Remontada (G)
01/01/2022,Crystal Palace,West Ham,2021-2022,2,3,0,3,6,5,9,1,Crystal Palace,9,1,6,5,2,10,Derrota (P)
02/01/2022,Everton,Brighton,2021-2022,2,3,0,2,6,5,8,5,Everton,8,5,6,5,2,13,Derrota (P)
02/01/2022,Leeds,Burnley,2021-2022,3,1,1,0,7,2,9,3,Burnley,3,9,2,7,1,12,Derrota (P)
11/01/2022,Southampton,Brentford,2021-2022,4,1,2,1,6,4,5,2,Brentford,2,5,4,6,1,7,Derrota (P)
12/01/2022,West Ham,Norwich,2021-2022,2,0,1,0,5,3,11,2,Norwich,2,11,3,5,0,13,Derrota (P)
15/01/2022,Norwich,Everton,2021-2022,2,1,2,0,3,5,8,8,Everton,8,8,5,3,1,16,Derrota (P)
15/01/2022,Wolves,Southampton,2021-2022,3,1,1,0,5,10,2,10,Southampton,10,2,10,5,1,12,Derrota (P)
15/01/2022,Aston Villa,Man United,2021-2022,2,2,0,1,9,6,3,6,Aston Villa,3,6,9,6,2,9,Empate (E)
16/01/2022,Liverpool,Brentford,2021-2022,3,0,1,0,13,1,9,0,Brentford,0,9,1,13,0,9,Derrota (P)
16/01/2022,West Ham,Leeds,2021-2022,2,3,1,2,5,5,4,3,West Ham,4,3,5,5,2,7,Derrota (P)
18/01/2022,Brighton,Chelsea,2021-2022,1,1,0,1,2,3,5,7,Brighton,5,7,2,3,1,12,Empate (E)
22/01/2022,Everton,Aston Villa,2021-2022,0,1,0,1,1,3,9,2,Everton,9,2,1,3,0,11,Derrota (P)
22/01/2022,Southampton,Man City,2021-2022,1,1,1,0,3,5,2,11,Man City,11,2,5,3,1,13,Empate (E)
23/01/2022,Crystal Palace,Liverpool,2021-2022,1,3,0,2,5,7,2,5,Crystal Palace,2,5,5,7,1,7,Derrota (P)
08/02/2022,Burnley,Man United,2021-2022,1,1,0,1,3,5,2,10,Burnley,2,10,3,5,1,12,Empate (E)
09/02/2022,Man City,Brentford,2021-2022,2,0,1,0,7,2,9,3,Brentford,3,9,2,7,0,12,Derrota (P)
09/02/2022,Norwich,Crystal Palace,2021-2022,1,1,1,0,1,5,4,6,Crystal Palace,6,4,5,1,1,10,Empate (E)
09/02/2022,Aston Villa,Leeds,2021-2022,3,3,3,2,4,8,6,11,Leeds,11,6,8,4,3,17,Empate (E)
10/02/2022,Liverpool,Leicester,2021-2022,2,0,1,0,11,1,7,6,Leicester,6,7,1,11,0,13,Derrota (P)
10/02/2022,Wolves,Arsenal,2021-2022,0,1,0,1,4,2,7,4,Wolves,7,4,4,2,0,11,Derrota (P)
12/02/2022,Man United,Southampton,2021-2022,1,1,1,0,8,4,1,4,Southampton,4,1,4,8,1,5,Empate (E)
12/02/2022,Everton,Leeds,2021-2022,3,0,2,0,10,0,5,3,Leeds,3,5,0,10,0,8,Derrota (P)
12/02/2022,Watford,Brighton,2021-2022,0,2,0,1,1,6,4,5,Watford,4,5,1,6,0,9,Derrota (P)
12/02/2022,Norwich,Man City,2021-2022,0,4,0,1,3,9,4,12,Norwich,4,12,3,9,0,16,Derrota (P)
13/02/2022,Burnley,Liverpool,2021-2022,0,1,0,1,5,4,5,8,Burnley,5,8,5,4,0,13,Derrota (P)
13/02/2022,Newcastle,Aston Villa,2021-2022,1,0,1,0,2,1,3,6,Aston Villa,6,3,1,2,0,9,Derrota (P)
13/02/2022,Tottenham,Wolves,2021-2022,0,2,0,2,7,7,7,3,Tottenham,7,3,7,7,0,10,Derrota (P)
19/02/2022,Brighton,Burnley,2021-2022,0,3,0,2,1,4,4,4,Brighton,4,4,1,4,0,8,Derrota (P)
20/02/2022,Leeds,Man United,2021-2022,2,4,0,2,6,9,3,3,Leeds,3,3,6,9,2,6,Derrota (P)
23/02/2022,Watford,Crystal Palace,2021-2022,1,4,1,2,1,5,6,4,Watford,6,4,1,5,1,10,Derrota (P)
23/02/2022,Liverpool,Leeds,2021-2022,6,0,3,0,15,2,4,0,Leeds,0,4,2,15,0,4,Derrota (P)
24/02/2022,Arsenal,Wolves,2021-2022,2,1,0,1,5,2,5,4,Arsenal,5,4,5,2,2,9,Remontada (G)
25/02/2022,Southampton,Norwich,2021-2022,2,0,1,0,9,1,13,6,Norwich,6,13,1,9,0,19,Derrota (P)
26/02/2022,Leeds,Tottenham,2021-2022,0,4,0,3,3,11,3,6,Leeds,3,6,3,11,0,9,Derrota (P)
26/02/2022,Brentford,Newcastle,2021-2022,0,2,0,2,1,11,6,6,Brentford,6,6,1,11,0,12,Derrota (P)
26/02/2022,Crystal Palace,Burnley,2021-2022,1,1,1,0,4,1,5,4,Burnley,4,5,1,4,1,9,Empate (E)
26/02/2022,Brighton,Aston Villa,2021-2022,0,2,0,1,1,4,7,2,Brighton,7,2,1,4,0,9,Derrota (P)
05/03/2022,Aston Villa,Southampton,2021-2022,4,0,2,0,9,1,4,7,Southampton,7,4,1,9,0,11,Derrota (P)
05/03/2022,Newcastle,Brighton,2021-2022,2,1,2,0,4,4,4,7,Brighton,7,4,4,4,1,11,Derrota (P)
05/03/2022,Norwich,Brentford,2021-2022,1,3,0,1,7,6,5,5,Norwich,5,5,7,6,1,10,Derrota (P)
05/03/2022,Wolves,Crystal Palace,2021-2022,0,2,0,2,5,8,7,7,Wolves,7,7,5,8,0,14,Derrota (P)
05/03/2022,Liverpool,West Ham,2021-2022,1,0,1,0,5,5,4,6,West Ham,6,4,5,5,0,10,Derrota (P)
06/03/2022,Watford,Arsenal,2021-2022,2,3,1,2,7,4,1,5,Watford,1,5,7,4,2,6,Derrota (P)
06/03/2022,Man City,Man United,2021-2022,4,1,2,1,10,2,9,3,Man United,3,9,2,10,1,12,Derrota (P)
07/03/2022,Tottenham,Everton,2021-2022,5,0,3,0,7,0,5,2,Everton,2,5,0,7,0,7,Derrota (P)
10/03/2022,Norwich,Chelsea,2021-2022,1,3,0,2,3,7,3,8,Norwich,3,8,3,7,1,11,Derrota (P)
10/03/2022,Wolves,Watford,2021-2022,4,0,3,0,5,0,5,2,Watford,2,5,0,5,0,7,Derrota (P)
10/03/2022,Leeds,Aston Villa,2021-2022,0,3,0,1,1,9,3,5,Leeds,3,5,1,9,0,8,Derrota (P)
12/03/2022,Brighton,Liverpool,2021-2022,0,2,0,1,3,9,7,6,Brighton,7,6,3,9,0,13,Derrota (P)
12/03/2022,Man United,Tottenham,2021-2022,3,2,2,1,6,3,4,5,Tottenham,5,4,3,6,2,9,Derrota (P)
13/03/2022,Leeds,Norwich,2021-2022,2,1,1,0,7,4,6,2,Norwich,2,6,4,7,1,8,Derrota (P)
13/03/2022,Southampton,Watford,2021-2022,1,2,1,2,7,5,11,3,Southampton,11,3,7,5,1,14,Derrota (P)
13/03/2022,Arsenal,Leicester,2021-2022,2,0,1,0,8,3,2,6,Leicester,6,2,3,8,0,8,Derrota (P)
16/03/2022,Brighton,Tottenham,2021-2022,0,2,0,1,0,7,6,3,Brighton,6,3,0,7,0,9,Derrota (P)
18/03/2022,Wolves,Leeds,2021-2022,2,3,2,0,8,6,2,5,Leeds,5,2,6,8,3,7,Remontada (G)
19/03/2022,Aston Villa,Arsenal,2021-2022,0,1,0,1,1,3,6,5,Aston Villa,6,5,1,3,0,11,Derrota (P)
20/03/2022,Leicester,Brentford,2021-2022,2,1,2,0,4,6,2,5,Brentford,5,2,6,4,1,7,Derrota (P)
20/03/2022,Tottenham,West Ham,2021-2022,3,1,2,1,4,1,5,3,West Ham,3,5,1,4,1,8,Derrota (P)
02/04/2022,Liverpool,Watford,2021-2022,2,0,1,0,3,2,9,3,Watford,3,9,2,3,0,12,Derrota (P)
02/04/2022,Burnley,Man City,2021-2022,0,2,0,2,1,6,1,8,Burnley,1,8,1,6,0,9,Derrota (P)
02/04/2022,Leeds,Southampton,2021-2022,1,1,1,0,3,6,4,7,Southampton,7,4,6,3,1,11,Empate (E)
02/04/2022,Wolves,Aston Villa,2021-2022,2,1,2,0,5,5,4,9,Aston Villa,9,4,5,5,1,13,Derrota (P)
03/04/2022,West Ham,Everton,2021-2022,2,1,1,0,5,2,2,4,Everton,4,2,2,5,1,6,Derrota (P)
04/04/2022,Crystal Palace,Arsenal,2021-2022,3,0,2,0,5,3,0,2,Arsenal,2,0,3,5,0,2,Derrota (P)
06/04/2022,Burnley,Everton,2021-2022,3,2,1,2,4,4,9,6,Burnley,9,6,4,4,3,15,Remontada (G)
09/04/2022,Everton,Man United,2021-2022,1,0,1,0,3,4,5,7,Man United,7,5,4,3,0,12,Derrota (P)
09/04/2022,Arsenal,Brighton,2021-2022,1,2,0,1,4,3,11,2,Arsenal,11,2,4,3,1,13,Derrota (P)
09/04/2022,Southampton,Chelsea,2021-2022,0,6,0,4,1,14,3,3,Southampton,3,3,1,14,0,6,Derrota (P)
09/04/2022,Watford,Leeds,2021-2022,0,3,0,1,1,5,3,8,Watford,3,8,1,5,0,11,Derrota (P)
09/04/2022,Aston Villa,Tottenham,2021-2022,0,4,0,1,8,5,9,3,Aston Villa,9,3,8,5,0,12,Derrota (P)
10/04/2022,Leicester,Crystal Palace,2021-2022,2,1,2,0,3,3,3,4,Crystal Palace,4,3,3,3,1,7,Derrota (P)
10/04/2022,Norwich,Burnley,2021-2022,2,0,1,0,6,4,6,7,Burnley,7,6,4,6,0,13,Derrota (P)
10/04/2022,Man City,Liverpool,2021-2022,2,2,2,1,5,4,4,1,Liverpool,1,4,4,5,2,5,Empate (E)
16/04/2022,Man United,Norwich,2021-2022,3,2,2,1,9,4,6,7,Norwich,7,6,4,9,2,13,Derrota (P)
16/04/2022,Southampton,Arsenal,2021-2022,1,0,1,0,3,6,6,8,Arsenal,8,6,6,3,0,14,Derrota (P)
16/04/2022,Watford,Brentford,2021-2022,1,2,0,1,4,5,6,5,Watford,6,5,4,5,1,11,Derrota (P)
17/04/2022,West Ham,Burnley,2021-2022,1,1,0,1,8,1,13,4,West Ham,13,4,8,1,1,17,Empate (E)
19/04/2022,Liverpool,Man United,2021-2022,4,0,2,0,5,1,10,2,Man United,2,10,1,5,0,12,Derrota (P)
20/04/2022,Everton,Leicester,2021-2022,1,1,0,1,3,3,5,4,Everton,5,4,3,3,1,9,Empate (E)
20/04/2022,Newcastle,Crystal Palace,2021-2022,1,0,1,0,4,2,2,5,Crystal Palace,5,2,2,4,0,7,Derrota (P)
21/04/2022,Burnley,Southampton,2021-2022,2,0,2,0,6,3,10,10,Southampton,10,10,3,6,0,20,Derrota (P)
23/04/2022,Arsenal,Man United,2021-2022,3,1,2,1,7,5,1,7,Man United,7,1,5,7,1,8,Derrota (P)
23/04/2022,Man City,Watford,2021-2022,5,1,3,1,8,2,11,4,Watford,4,11,2,8,1,15,Derrota (P)
23/04/2022,Norwich,Newcastle,2021-2022,0,3,0,2,2,7,2,3,Norwich,2,3,2,7,0,5,Derrota (P)
24/04/2022,Brighton,Southampton,2021-2022,2,2,2,1,5,5,6,6,Southampton,6,6,5,5,2,12,Empate (E)
30/04/2022,Newcastle,Liverpool,2021-2022,0,1,0,1,2,10,0,6,Newcastle,0,6,2,10,0,6,Derrota (P)
30/04/2022,Aston Villa,Norwich,2021-2022,2,0,1,0,6,3,2,3,Norwich,3,2,3,6,0,5,Derrota (P)
30/04/2022,Southampton,Crystal Palace,2021-2022,1,2,1,0,3,5,6,7,Crystal Palace,7,6,5,3,2,13,Remontada (G)
30/04/2022,Watford,Burnley,2021-2022,1,2,1,0,1,6,5,6,Burnley,6,5,6,1,2,11,Remontada (G)
30/04/2022,Wolves,Brighton,2021-2022,0,3,0,1,1,9,7,3,Wolves,7,3,1,9,0,10,Derrota (P)
30/04/2022,Leeds,Man City,2021-2022,0,4,0,1,2,6,3,6,Leeds,3,6,2,6,0,9,Derrota (P)
01/05/2022,Tottenham,Leicester,2021-2022,3,1,1,0,7,2,7,3,Leicester,3,7,2,7,1,10,Derrota (P)
02/05/2022,Man United,Brentford,2021-2022,3,0,1,0,5,4,3,8,Brentford,8,3,4,5,0,11,Derrota (P)
07/05/2022,Brentford,Southampton,2021-2022,3,0,2,0,5,4,4,7,Southampton,7,4,4,5,0,11,Derrota (P)
07/05/2022,Burnley,Aston Villa,2021-2022,1,3,0,2,6,7,4,5,Burnley,4,5,6,7,1,9,Derrota (P)
07/05/2022,Crystal Palace,Watford,2021-2022,1,0,1,0,7,1,8,5,Watford,5,8,1,7,0,13,Derrota (P)
07/05/2022,Brighton,Man United,2021-2022,4,0,1,0,6,5,7,6,Man United,6,7,5,6,0,13,Derrota (P)
08/05/2022,Arsenal,Leeds,2021-2022,2,1,2,0,9,2,8,2,Leeds,2,8,2,9,1,10,Derrota (P)
08/05/2022,Leicester,Everton,2021-2022,1,2,1,2,9,4,6,1,Leicester,6,1,9,4,1,7,Derrota (P)
08/05/2022,Norwich,West Ham,2021-2022,0,4,0,3,2,5,9,5,Norwich,9,5,2,5,0,14,Derrota (P)
08/05/2022,Man City,Newcastle,2021-2022,5,0,2,0,9,3,8,2,Newcastle,2,8,3,9,0,10,Derrota (P)
11/05/2022,Leeds,Chelsea,2021-2022,0,3,0,1,0,4,1,5,Leeds,1,5,0,4,0,6,Derrota (P)
11/05/2022,Wolves,Man City,2021-2022,1,5,1,3,3,5,6,2,Wolves,6,2,3,5,1,8,Derrota (P)
12/05/2022,Tottenham,Arsenal,2021-2022,3,0,2,0,6,4,2,2,Arsenal,2,2,4,6,0,4,Derrota (P)
15/05/2022,Tottenham,Burnley,2021-2022,1,0,1,0,8,1,8,2,Burnley,2,8,1,8,0,10,Derrota (P)
15/05/2022,Leeds,Brighton,2021-2022,1,1,0,1,5,6,8,1,Leeds,8,1,5,6,1,9,Empate (E)
15/05/2022,Watford,Leicester,2021-2022,1,5,1,2,5,7,7,3,Watford,7,3,5,7,1,10,Derrota (P)
15/05/2022,West Ham,Man City,2021-2022,2,2,2,0,2,8,4,9,Man City,9,4,8,2,2,13,Empate (E)
15/05/2022,Wolves,Norwich,2021-2022,1,1,0,1,4,2,5,3,Wolves,5,3,4,2,1,8,Empate (E)
15/05/2022,Everton,Brentford,2021-2022,2,3,2,1,5,7,5,2,Brentford,2,5,7,5,3,7,Remontada (G)
19/05/2022,Everton,Crystal Palace,2021-2022,3,2,0,2,6,5,4,5,Everton,4,5,6,5,3,9,Remontada (G)
19/05/2022,Aston Villa,Burnley,2021-2022,1,1,0,1,9,5,13,6,Aston Villa,13,6,9,5,1,19,Empate (E)
22/05/2022,Arsenal,Everton,2021-2022,5,1,2,1,9,2,12,2,Everton,2,12,2,9,1,14,Derrota (P)
22/05/2022,Brighton,West Ham,2021-2022,3,1,0,1,7,2,5,6,Brighton,5,6,7,2,3,11,Remontada (G)
22/05/2022,Burnley,Newcastle,2021-2022,1,2,0,1,5,6,8,2,Burnley,8,2,5,6,1,10,Derrota (P)
22/05/2022,Chelsea,Watford,2021-2022,2,1,1,0,8,3,3,3,Watford,3,3,3,8,1,6,Derrota (P)
22/05/2022,Crystal Palace,Man United,2021-2022,1,0,1,0,3,4,3,6,Man United,6,3,4,3,0,9,Derrota (P)
22/05/2022,Man City,Aston Villa,2021-2022,3,2,0,1,5,2,13,1,Man City,13,1,5,2,3,14,Remontada (G)
22/05/2022,Norwich,Tottenham,2021-2022,0,5,0,2,0,13,3,2,Norwich,3,2,0,13,0,5,Derrota (P)
05/08/2022,Crystal Palace,Arsenal,2022-2023,0,2,0,1,2,2,3,5,Crystal Palace,3,5,2,2,0,8,Derrota (P)
06/08/2022,Fulham,Liverpool,2022-2023,2,2,1,0,3,4,4,4,Liverpool,4,4,4,3,2,8,Empate (E)
06/08/2022,Bournemouth,Aston Villa,2022-2023,2,0,1,0,3,2,5,5,Aston Villa,5,5,2,3,0,10,Derrota (P)
06/08/2022,Tottenham,Southampton,2022-2023,4,1,2,1,8,2,10,2,Southampton,2,10,2,8,1,12,Derrota (P)
06/08/2022,Everton,Chelsea,2022-2023,0,1,0,1,4,6,4,16,Everton,4,16,4,6,0,20,Derrota (P)
07/08/2022,Leicester,Brentford,2022-2023,2,2,1,0,5,3,5,6,Brentford,6,5,3,5,2,11,Empate (E)
07/08/2022,Man United,Brighton,2022-2023,1,2,0,2,5,4,6,2,Man United,6,2,5,4,1,8,Derrota (P)
07/08/2022,West Ham,Man City,2022-2023,0,2,0,1,1,2,1,4,West Ham,1,4,1,2,0,5,Derrota (P)
13/08/2022,Aston Villa,Everton,2022-2023,2,1,1,0,4,4,5,8,Everton,8,5,4,4,1,13,Derrota (P)
13/08/2022,Arsenal,Leicester,2022-2023,4,2,2,0,7,2,6,2,Leicester,2,6,2,7,2,8,Derrota (P)
13/08/2022,Man City,Bournemouth,2022-2023,4,0,3,0,7,1,11,1,Bournemouth,1,11,1,7,0,12,Derrota (P)
13/08/2022,Brentford,Man United,2022-2023,4,0,4,0,7,4,8,2,Man United,2,8,4,7,0,10,Derrota (P)
14/08/2022,Nott'm Forest,West Ham,2022-2023,1,0,1,0,6,5,6,7,West Ham,7,6,5,6,0,13,Derrota (P)
14/08/2022,Chelsea,Tottenham,2022-2023,2,2,1,0,3,5,8,5,Tottenham,5,8,5,3,2,13,Empate (E)
15/08/2022,Liverpool,Crystal Palace,2022-2023,1,1,0,1,4,3,4,2,Liverpool,4,2,4,3,1,6,Empate (E)
20/08/2022,Fulham,Brentford,2022-2023,3,2,2,1,9,5,6,3,Brentford,3,6,5,9,2,9,Derrota (P)
20/08/2022,Bournemouth,Arsenal,2022-2023,0,3,0,2,1,6,3,4,Bournemouth,3,4,1,6,0,7,Derrota (P)
21/08/2022,Leeds,Chelsea,2022-2023,3,0,2,0,6,3,4,6,Chelsea,6,4,3,6,0,10,Derrota (P)
21/08/2022,West Ham,Brighton,2022-2023,0,2,0,1,3,2,5,4,West Ham,5,4,3,2,0,9,Derrota (P)
21/08/2022,Newcastle,Man City,2022-2023,3,3,2,1,6,10,5,5,Man City,5,5,10,6,3,10,Empate (E)
22/08/2022,Man United,Liverpool,2022-2023,2,1,1,0,4,5,6,8,Liverpool,8,6,5,4,1,14,Derrota (P)
27/08/2022,Brentford,Everton,2022-2023,1,1,0,1,5,7,8,5,Brentford,8,5,5,7,1,13,Empate (E)
27/08/2022,Liverpool,Bournemouth,2022-2023,9,0,5,0,12,2,8,1,Bournemouth,1,8,2,12,0,9,Derrota (P)
27/08/2022,Man City,Crystal Palace,2022-2023,4,2,0,2,5,2,6,1,Man City,6,1,5,2,4,7,Remontada (G)
28/08/2022,Wolves,Newcastle,2022-2023,1,1,1,0,4,6,4,13,Newcastle,13,4,6,4,1,17,Empate (E)
28/08/2022,Nott'm Forest,Tottenham,2022-2023,0,2,0,1,1,7,6,1,Nott'm Forest,6,1,1,7,0,7,Derrota (P)
30/08/2022,Southampton,Chelsea,2022-2023,2,1,2,1,7,4,5,3,Chelsea,3,5,4,7,1,8,Derrota (P)
30/08/2022,Leeds,Everton,2022-2023,1,1,0,1,5,2,10,2,Leeds,10,2,5,2,1,12,Empate (E)
31/08/2022,Arsenal,Aston Villa,2022-2023,2,1,1,0,9,3,10,3,Aston Villa,3,10,3,9,1,13,Derrota (P)
31/08/2022,Man City,Nott'm Forest,2022-2023,6,0,3,0,9,1,10,1,Nott'm Forest,1,10,1,9,0,11,Derrota (P)
31/08/2022,West Ham,Tottenham,2022-2023,1,1,0,1,4,4,3,4,West Ham,3,4,4,4,1,7,Empate (E)
31/08/2022,Liverpool,Newcastle,2022-2023,2,1,0,1,6,2,13,0,Liverpool,13,0,6,2,2,13,Remontada (G)
01/09/2022,Leicester,Man United,2022-2023,0,1,0,1,2,2,1,3,Leicester,1,3,2,2,0,4,Derrota (P)
03/09/2022,Brentford,Leeds,2022-2023,5,2,2,1,8,6,2,6,Leeds,6,2,6,8,2,8,Derrota (P)
03/09/2022,Nott'm Forest,Bournemouth,2022-2023,2,3,2,0,3,3,4,6,Bournemouth,6,4,3,3,3,10,Remontada (G)
03/09/2022,Tottenham,Fulham,2022-2023,2,1,1,0,10,3,10,3,Fulham,3,10,3,10,1,13,Derrota (P)
03/09/2022,Wolves,Southampton,2022-2023,1,0,1,0,2,1,5,6,Southampton,6,5,1,2,0,11,Derrota (P)
04/09/2022,Man United,Arsenal,2022-2023,3,1,1,0,6,3,2,5,Arsenal,5,2,3,6,1,7,Derrota (P)
16/09/2022,Aston Villa,Southampton,2022-2023,1,0,1,0,3,1,6,3,Southampton,3,6,1,3,0,9,Derrota (P)
16/09/2022,Nott'm Forest,Fulham,2022-2023,2,3,1,0,3,7,2,10,Fulham,10,2,7,3,3,12,Remontada (G)
17/09/2022,Wolves,Man City,2022-2023,0,3,0,2,1,7,5,7,Wolves,5,7,1,7,0,12,Derrota (P)
18/09/2022,Brentford,Arsenal,2022-2023,0,3,0,2,2,7,3,3,Brentford,3,3,2,7,0,6,Derrota (P)
01/10/2022,Fulham,Newcastle,2022-2023,1,4,0,3,1,10,1,8,Fulham,1,8,1,10,1,9,Derrota (P)
01/10/2022,Liverpool,Brighton,2022-2023,3,3,1,2,7,6,9,2,Liverpool,9,2,7,6,3,11,Empate (E)
01/10/2022,West Ham,Wolves,2022-2023,2,0,1,0,5,4,1,6,Wolves,6,1,4,5,0,7,Derrota (P)
02/10/2022,Man City,Man United,2022-2023,6,3,4,0,10,8,5,1,Man United,1,5,8,10,3,6,Derrota (P)
03/10/2022,Leicester,Nott'm Forest,2022-2023,4,0,3,0,7,3,6,6,Nott'm Forest,6,6,3,7,0,12,Derrota (P)
08/10/2022,Bournemouth,Leicester,2022-2023,2,1,0,1,4,5,7,2,Bournemouth,7,2,4,5,2,9,Remontada (G)
08/10/2022,Chelsea,Wolves,2022-2023,3,0,1,0,7,2,4,2,Wolves,2,4,2,7,0,6,Derrota (P)
08/10/2022,Man City,Southampton,2022-2023,4,0,2,0,8,0,9,1,Southampton,1,9,0,8,0,10,Derrota (P)
08/10/2022,Newcastle,Brentford,2022-2023,5,1,2,0,6,3,9,5,Brentford,5,9,3,6,1,14,Derrota (P)
08/10/2022,Brighton,Tottenham,2022-2023,0,1,0,1,4,3,6,2,Brighton,6,2,4,3,0,8,Derrota (P)
09/10/2022,Arsenal,Liverpool,2022-2023,3,2,2,1,7,3,4,3,Liverpool,3,4,3,7,2,7,Derrota (P)
09/10/2022,Everton,Man United,2022-2023,1,2,1,2,2,4,5,4,Everton,5,4,2,4,1,9,Derrota (P)
14/10/2022,Brentford,Brighton,2022-2023,2,0,1,0,3,7,2,11,Brighton,11,2,7,3,0,13,Derrota (P)
15/10/2022,Fulham,Bournemouth,2022-2023,2,2,1,2,4,6,5,6,Fulham,5,6,4,6,2,11,Empate (E)
16/10/2022,Aston Villa,Chelsea,2022-2023,0,2,0,1,7,4,7,1,Aston Villa,7,1,7,4,0,8,Derrota (P)
16/10/2022,Leeds,Arsenal,2022-2023,0,1,0,1,4,4,6,3,Leeds,6,3,4,4,0,9,Derrota (P)
16/10/2022,Southampton,West Ham,2022-2023,1,1,1,0,8,4,4,14,West Ham,14,4,4,8,1,18,Empate (E)
18/10/2022,Crystal Palace,Wolves,2022-2023,2,1,0,1,4,4,4,3,Crystal Palace,4,3,4,4,2,7,Remontada (G)
19/10/2022,Bournemouth,Southampton,2022-2023,0,1,0,1,3,3,7,3,Bournemouth,7,3,3,3,0,10,Derrota (P)
19/10/2022,Liverpool,West Ham,2022-2023,1,0,1,0,7,3,8,3,West Ham,3,8,3,7,0,11,Derrota (P)
19/10/2022,Newcastle,Everton,2022-2023,1,0,1,0,4,0,8,2,Everton,2,8,0,4,0,10,Derrota (P)
20/10/2022,Fulham,Aston Villa,2022-2023,3,0,1,0,8,6,9,7,Aston Villa,7,9,6,8,0,16,Derrota (P)
20/10/2022,Leicester,Leeds,2022-2023,2,0,2,0,1,2,2,9,Leeds,9,2,2,1,0,11,Derrota (P)
22/10/2022,Everton,Crystal Palace,2022-2023,3,0,1,0,6,2,3,4,Crystal Palace,4,3,2,6,0,7,Derrota (P)
22/10/2022,Man City,Brighton,2022-2023,3,1,2,0,4,2,7,3,Brighton,3,7,2,4,1,10,Derrota (P)
23/10/2022,Aston Villa,Brentford,2022-2023,4,0,3,0,11,3,7,6,Brentford,6,7,3,11,0,13,Derrota (P)
23/10/2022,Southampton,Arsenal,2022-2023,1,1,0,1,3,3,9,4,Southampton,9,4,3,3,1,13,Empate (E)
23/10/2022,Wolves,Leicester,2022-2023,0,4,0,2,5,4,9,2,Wolves,9,2,5,4,0,11,Derrota (P)
23/10/2022,Tottenham,Newcastle,2022-2023,1,2,0,2,5,5,6,7,Tottenham,6,7,5,5,1,13,Derrota (P)
24/10/2022,West Ham,Bournemouth,2022-2023,2,0,1,0,4,3,5,0,Bournemouth,0,5,3,4,0,5,Derrota (P)
29/10/2022,Bournemouth,Tottenham,2022-2023,2,3,1,0,4,7,2,19,Tottenham,19,2,7,4,3,21,Remontada (G)
29/10/2022,Brighton,Chelsea,2022-2023,4,1,3,0,9,7,8,7,Chelsea,7,8,7,9,1,15,Derrota (P)
29/10/2022,Crystal Palace,Southampton,2022-2023,1,0,1,0,3,4,8,4,Southampton,4,8,4,3,0,12,Derrota (P)
29/10/2022,Newcastle,Aston Villa,2022-2023,4,0,1,0,7,0,3,0,Aston Villa,0,3,0,7,0,3,Derrota (P)
30/10/2022,Arsenal,Nott'm Forest,2022-2023,5,0,1,0,10,2,9,4,Nott'm Forest,4,9,2,10,0,13,Derrota (P)
30/10/2022,Man United,West Ham,2022-2023,1,0,1,0,3,5,5,10,West Ham,10,5,5,3,0,15,Derrota (P)
05/11/2022,Leeds,Bournemouth,2022-2023,4,3,1,2,4,6,13,3,Leeds,13,3,4,6,4,16,Remontada (G)
05/11/2022,Everton,Leicester,2022-2023,0,2,0,1,2,8,8,3,Everton,8,3,2,8,0,11,Derrota (P)
06/11/2022,Aston Villa,Man United,2022-2023,3,1,2,1,4,3,3,5,Man United,5,3,3,4,1,8,Derrota (P)
06/11/2022,Southampton,Newcastle,2022-2023,1,4,0,1,5,4,8,2,Southampton,8,2,5,4,1,10,Derrota (P)
06/11/2022,Tottenham,Liverpool,2022-2023,1,2,0,2,5,6,5,3,Tottenham,5,3,5,6,1,8,Derrota (P)
12/11/2022,Bournemouth,Everton,2022-2023,3,0,2,0,9,3,3,5,Everton,5,3,3,9,0,8,Derrota (P)
12/11/2022,Liverpool,Southampton,2022-2023,3,1,3,1,7,5,6,0,Southampton,0,6,5,7,1,6,Derrota (P)
12/11/2022,Tottenham,Leeds,2022-2023,4,3,1,2,8,5,9,2,Tottenham,9,2,8,5,4,11,Remontada (G)
12/11/2022,West Ham,Leicester,2022-2023,0,2,0,1,6,6,7,2,West Ham,7,2,6,6,0,9,Derrota (P)
13/11/2022,Fulham,Man United,2022-2023,1,2,0,1,7,9,10,3,Fulham,10,3,7,9,1,13,Derrota (P)
26/12/2022,Brentford,Tottenham,2022-2023,2,2,1,0,5,8,6,5,Tottenham,5,6,8,5,2,11,Empate (E)
26/12/2022,Crystal Palace,Fulham,2022-2023,0,3,0,1,0,11,1,8,Crystal Palace,1,8,0,11,0,9,Derrota (P)
26/12/2022,Leicester,Newcastle,2022-2023,0,3,0,3,2,5,5,5,Leicester,5,5,2,5,0,10,Derrota (P)
26/12/2022,Southampton,Brighton,2022-2023,1,3,0,2,4,4,4,2,Southampton,4,2,4,4,1,6,Derrota (P)
26/12/2022,Aston Villa,Liverpool,2022-2023,1,3,0,2,6,9,0,6,Aston Villa,0,6,6,9,1,6,Derrota (P)
26/12/2022,Arsenal,West Ham,2022-2023,3,1,0,1,5,4,7,5,Arsenal,7,5,5,4,3,12,Remontada (G)
27/12/2022,Chelsea,Bournemouth,2022-2023,2,0,2,0,5,4,6,8,Bournemouth,8,6,4,5,0,14,Derrota (P)
27/12/2022,Man United,Nott'm Forest,2022-2023,3,0,2,0,8,3,9,9,Nott'm Forest,9,9,3,8,0,18,Derrota (P)
28/12/2022,Leeds,Man City,2022-2023,1,3,0,1,1,9,3,5,Leeds,3,5,1,9,1,8,Derrota (P)
30/12/2022,West Ham,Brentford,2022-2023,0,2,0,2,5,6,8,1,West Ham,8,1,5,6,0,9,Derrota (P)
30/12/2022,Liverpool,Leicester,2022-2023,2,1,2,1,5,2,4,5,Leicester,5,4,2,5,1,9,Derrota (P)
31/12/2022,Bournemouth,Crystal Palace,2022-2023,0,2,0,2,2,6,2,7,Bournemouth,2,7,2,6,0,9,Derrota (P)
31/12/2022,Fulham,Southampton,2022-2023,2,1,1,0,2,3,4,4,Southampton,4,4,3,2,1,8,Derrota (P)
31/12/2022,Man City,Everton,2022-2023,1,1,1,0,3,1,7,1,Everton,1,7,1,3,1,8,Empate (E)
31/12/2022,Brighton,Arsenal,2022-2023,2,4,0,2,5,7,7,4,Brighton,7,4,5,7,2,11,Derrota (P)
01/01/2023,Nott'm Forest,Chelsea,2022-2023,1,1,0,1,5,2,1,2,Nott'm Forest,1,2,5,2,1,3,Empate (E)
02/01/2023,Brentford,Liverpool,2022-2023,3,1,2,0,7,6,4,9,Liverpool,9,4,6,7,1,13,Derrota (P)
03/01/2023,Everton,Brighton,2022-2023,1,4,0,1,4,8,5,2,Everton,5,2,4,8,1,7,Derrota (P)
03/01/2023,Leicester,Fulham,2022-2023,0,1,0,1,6,2,6,3,Leicester,6,3,6,2,0,9,Derrota (P)
03/01/2023,Man United,Bournemouth,2022-2023,3,0,1,0,6,4,6,5,Bournemouth,5,6,4,6,0,11,Derrota (P)
04/01/2023,Southampton,Nott'm Forest,2022-2023,0,1,0,1,0,1,6,2,Southampton,6,2,0,1,0,8,Derrota (P)
04/01/2023,Aston Villa,Wolves,2022-2023,1,1,0,1,4,3,7,8,Aston Villa,7,8,4,3,1,15,Empate (E)
12/01/2023,Fulham,Chelsea,2022-2023,2,1,1,0,3,10,5,7,Chelsea,7,5,10,3,1,12,Derrota (P)
13/01/2023,Aston Villa,Leeds,2022-2023,2,1,1,0,5,4,0,11,Leeds,11,0,4,5,1,11,Derrota (P)
14/01/2023,Everton,Southampton,2022-2023,1,2,1,0,4,5,6,4,Southampton,4,6,5,4,2,10,Remontada (G)
14/01/2023,Brentford,Bournemouth,2022-2023,2,0,1,0,4,2,5,3,Bournemouth,3,5,2,4,0,8,Derrota (P)
15/01/2023,Tottenham,Arsenal,2022-2023,0,2,0,2,7,5,4,3,Tottenham,4,3,7,5,0,7,Derrota (P)
18/01/2023,Crystal Palace,Man United,2022-2023,1,1,0,1,5,4,3,3,Crystal Palace,3,3,5,4,1,6,Empate (E)
19/01/2023,Man City,Tottenham,2022-2023,4,2,0,2,6,3,8,3,Man City,8,3,6,3,4,11,Remontada (G)
21/01/2023,Bournemouth,Nott'm Forest,2022-2023,1,1,1,0,4,5,4,6,Nott'm Forest,6,4,5,4,1,10,Empate (E)
21/01/2023,West Ham,Everton,2022-2023,2,0,2,0,4,2,4,9,Everton,9,4,2,4,0,13,Derrota (P)
22/01/2023,Man City,Wolves,2022-2023,3,0,1,0,7,1,5,7,Wolves,7,5,1,7,0,12,Derrota (P)
23/01/2023,Fulham,Tottenham,2022-2023,0,1,0,1,5,3,3,8,Fulham,3,8,5,3,0,11,Derrota (P)
04/02/2023,Aston Villa,Leicester,2022-2023,2,4,2,3,4,5,11,3,Aston Villa,11,3,4,5,2,14,Derrota (P)
04/02/2023,Brentford,Southampton,2022-2023,3,0,2,0,4,6,4,4,Southampton,4,4,6,4,0,8,Derrota (P)
04/02/2023,Man United,Crystal Palace,2022-2023,2,1,1,0,5,3,5,5,Crystal Palace,5,5,3,5,1,10,Derrota (P)
04/02/2023,Wolves,Liverpool,2022-2023,3,0,2,0,6,4,2,7,Liverpool,7,2,4,6,0,9,Derrota (P)
05/02/2023,Nott'm Forest,Leeds,2022-2023,1,0,1,0,2,4,0,2,Leeds,2,0,4,2,0,2,Derrota (P)
05/02/2023,Tottenham,Man City,2022-2023,1,0,1,0,3,5,4,6,Man City,6,4,5,3,0,10,Derrota (P)
08/02/2023,Man United,Leeds,2022-2023,2,2,0,1,7,2,6,5,Man United,6,5,7,2,2,11,Empate (E)
11/02/2023,Fulham,Nott'm Forest,2022-2023,2,0,1,0,3,1,5,4,Nott'm Forest,4,5,1,3,0,9,Derrota (P)
11/02/2023,Leicester,Tottenham,2022-2023,4,1,3,1,7,4,1,5,Tottenham,5,1,4,7,1,6,Derrota (P)
11/02/2023,Southampton,Wolves,2022-2023,1,2,1,0,2,2,5,2,Wolves,2,5,2,2,2,7,Remontada (G)
12/02/2023,Man City,Aston Villa,2022-2023,3,1,3,0,9,2,8,4,Aston Villa,4,8,2,9,1,12,Derrota (P)
13/02/2023,Liverpool,Everton,2022-2023,2,0,1,0,6,1,3,3,Everton,3,3,1,6,0,6,Derrota (P)
18/02/2023,Aston Villa,Arsenal,2022-2023,2,4,2,1,5,5,2,9,Arsenal,9,2,5,5,4,11,Remontada (G)
18/02/2023,Chelsea,Southampton,2022-2023,0,1,0,1,5,5,8,2,Chelsea,8,2,5,5,0,10,Derrota (P)
18/02/2023,Nott'm Forest,Man City,2022-2023,1,1,0,1,1,6,0,10,Nott'm Forest,0,10,1,6,1,10,Empate (E)
18/02/2023,Newcastle,Liverpool,2022-2023,0,2,0,2,4,7,6,7,Newcastle,6,7,4,7,0,13,Derrota (P)
19/02/2023,Man United,Leicester,2022-2023,3,0,1,0,8,3,6,6,Leicester,6,6,3,8,0,12,Derrota (P)
24/02/2023,Fulham,Wolves,2022-2023,1,1,0,1,5,2,4,3,Fulham,4,3,5,2,1,7,Empate (E)
25/02/2023,Bournemouth,Man City,2022-2023,1,4,0,3,2,5,4,6,Bournemouth,4,6,2,5,1,10,Derrota (P)
01/03/2023,Arsenal,Everton,2022-2023,4,0,2,0,5,5,5,1,Everton,1,5,5,5,0,6,Derrota (P)
04/03/2023,Man City,Newcastle,2022-2023,2,0,1,0,3,2,8,4,Newcastle,4,8,2,3,0,12,Derrota (P)
04/03/2023,Arsenal,Bournemouth,2022-2023,3,2,0,1,9,4,17,1,Arsenal,17,1,9,4,3,18,Remontada (G)
04/03/2023,Aston Villa,Crystal Palace,2022-2023,1,0,1,0,1,0,2,4,Crystal Palace,4,2,0,1,0,6,Derrota (P)
04/03/2023,Brighton,West Ham,2022-2023,4,0,1,0,9,2,7,3,West Ham,3,7,2,9,0,10,Derrota (P)
04/03/2023,Southampton,Leicester,2022-2023,1,0,1,0,5,0,3,4,Leicester,4,3,0,5,0,7,Derrota (P)
05/03/2023,Nott'm Forest,Everton,2022-2023,2,2,1,2,4,3,3,3,Nott'm Forest,3,3,4,3,2,6,Empate (E)
05/03/2023,Liverpool,Man United,2022-2023,7,0,1,0,8,4,4,3,Man United,3,4,4,8,0,7,Derrota (P)
11/03/2023,Bournemouth,Liverpool,2022-2023,1,0,1,0,2,6,3,8,Liverpool,8,3,6,2,0,11,Derrota (P)
11/03/2023,Everton,Brentford,2022-2023,1,0,1,0,6,4,5,8,Brentford,8,5,4,6,0,13,Derrota (P)
11/03/2023,Leicester,Chelsea,2022-2023,1,3,1,2,7,6,2,5,Leicester,2,5,7,6,1,7,Derrota (P)
11/03/2023,Tottenham,Nott'm Forest,2022-2023,3,1,2,0,7,5,2,10,Nott'm Forest,10,2,5,7,1,12,Derrota (P)
12/03/2023,Fulham,Arsenal,2022-2023,0,3,0,3,2,7,4,8,Fulham,4,8,2,7,0,12,Derrota (P)
12/03/2023,Newcastle,Wolves,2022-2023,2,1,1,0,8,4,10,3,Wolves,3,10,4,8,1,13,Derrota (P)
15/03/2023,Brighton,Crystal Palace,2022-2023,1,0,1,0,5,3,1,4,Crystal Palace,4,1,3,5,0,5,Derrota (P)
15/03/2023,Southampton,Brentford,2022-2023,0,2,0,1,1,5,3,3,Southampton,3,3,1,5,0,6,Derrota (P)
18/03/2023,Aston Villa,Bournemouth,2022-2023,3,0,1,0,9,3,9,6,Bournemouth,6,9,3,9,0,15,Derrota (P)
18/03/2023,Brentford,Leicester,2022-2023,1,1,1,0,2,1,8,4,Leicester,4,8,1,2,1,12,Empate (E)
18/03/2023,Southampton,Tottenham,2022-2023,3,3,0,1,7,3,10,3,Southampton,10,3,7,3,3,13,Empate (E)
18/03/2023,Wolves,Leeds,2022-2023,2,4,0,1,8,4,5,4,Wolves,5,4,8,4,2,9,Derrota (P)
19/03/2023,Arsenal,Crystal Palace,2022-2023,4,1,2,0,5,4,5,4,Crystal Palace,4,5,4,5,1,9,Derrota (P)
01/04/2023,Arsenal,Leeds,2022-2023,4,1,1,0,6,5,4,3,Leeds,3,4,5,6,1,7,Derrota (P)
01/04/2023,Bournemouth,Fulham,2022-2023,2,1,0,1,7,2,4,3,Bournemouth,4,3,7,2,2,7,Remontada (G)
01/04/2023,Nott'm Forest,Wolves,2022-2023,1,1,1,0,7,1,4,3,Wolves,3,4,1,7,1,7,Empate (E)
01/04/2023,Chelsea,Aston Villa,2022-2023,0,2,0,1,8,2,13,2,Chelsea,13,2,8,2,0,15,Derrota (P)
02/04/2023,West Ham,Southampton,2022-2023,1,0,1,0,2,3,5,3,Southampton,3,5,3,2,0,8,Derrota (P)
04/04/2023,Bournemouth,Brighton,2022-2023,0,2,0,1,3,6,5,5,Bournemouth,5,5,3,6,0,10,Derrota (P)
04/04/2023,Leeds,Nott'm Forest,2022-2023,2,1,2,1,6,1,11,4,Nott'm Forest,4,11,1,6,1,15,Derrota (P)
05/04/2023,Man United,Brentford,2022-2023,1,0,1,0,3,1,12,3,Brentford,3,12,1,3,0,15,Derrota (P)
05/04/2023,West Ham,Newcastle,2022-2023,1,5,1,2,2,8,7,6,West Ham,7,6,2,8,1,13,Derrota (P)
08/04/2023,Man United,Everton,2022-2023,2,0,1,0,11,1,10,4,Everton,4,10,1,11,0,14,Derrota (P)
08/04/2023,Brentford,Newcastle,2022-2023,1,2,1,0,6,4,6,5,Newcastle,5,6,4,6,2,11,Remontada (G)
08/04/2023,Fulham,West Ham,2022-2023,0,1,0,1,3,5,11,4,Fulham,11,4,3,5,0,15,Derrota (P)
08/04/2023,Leicester,Bournemouth,2022-2023,0,1,0,1,4,7,6,6,Leicester,6,6,4,7,0,12,Derrota (P)
08/04/2023,Wolves,Chelsea,2022-2023,1,0,1,0,4,1,8,8,Chelsea,8,8,1,4,0,16,Derrota (P)
08/04/2023,Southampton,Man City,2022-2023,1,4,0,1,1,8,0,10,Southampton,0,10,1,8,1,10,Derrota (P)
09/04/2023,Liverpool,Arsenal,2022-2023,2,2,1,2,6,5,5,4,Liverpool,5,4,6,5,2,9,Empate (E)
15/04/2023,Aston Villa,Newcastle,2022-2023,3,0,1,0,6,2,7,2,Newcastle,2,7,2,6,0,9,Derrota (P)
15/04/2023,Wolves,Brentford,2022-2023,2,0,1,0,9,3,5,2,Brentford,2,5,3,9,0,7,Derrota (P)
15/04/2023,Man City,Leicester,2022-2023,3,1,3,0,4,4,6,2,Leicester,2,6,4,4,1,8,Derrota (P)
16/04/2023,West Ham,Arsenal,2022-2023,2,2,1,2,3,5,7,2,West Ham,7,2,3,5,2,9,Empate (E)
16/04/2023,Nott'm Forest,Man United,2022-2023,0,2,0,1,0,8,4,9,Nott'm Forest,4,9,0,8,0,13,Derrota (P)
17/04/2023,Leeds,Liverpool,2022-2023,1,6,0,2,3,7,4,2,Leeds,4,2,3,7,1,6,Derrota (P)
21/04/2023,Arsenal,Southampton,2022-2023,3,3,1,2,6,6,7,2,Arsenal,7,2,6,6,3,9,Empate (E)
23/04/2023,Bournemouth,West Ham,2022-2023,0,4,0,3,5,10,8,5,Bournemouth,8,5,5,10,0,13,Derrota (P)
23/04/2023,Newcastle,Tottenham,2022-2023,6,1,5,0,8,3,9,3,Tottenham,3,9,3,8,1,12,Derrota (P)
25/04/2023,Wolves,Crystal Palace,2022-2023,2,0,1,0,3,4,6,11,Crystal Palace,11,6,4,3,0,17,Derrota (P)
25/04/2023,Aston Villa,Fulham,2022-2023,1,0,1,0,3,0,8,2,Fulham,2,8,0,3,0,10,Derrota (P)
25/04/2023,Leeds,Leicester,2022-2023,1,1,1,0,3,3,3,6,Leicester,6,3,3,3,1,9,Empate (E)
26/04/2023,Chelsea,Brentford,2022-2023,0,2,0,1,4,1,5,2,Chelsea,5,2,4,1,0,7,Derrota (P)
26/04/2023,Man City,Arsenal,2022-2023,4,1,2,0,9,2,1,3,Arsenal,3,1,2,9,1,4,Derrota (P)
27/04/2023,Everton,Newcastle,2022-2023,1,4,0,1,5,8,3,14,Everton,3,14,5,8,1,17,Derrota (P)
27/04/2023,Tottenham,Man United,2022-2023,2,2,0,2,7,8,6,8,Tottenham,6,8,7,8,2,14,Empate (E)
29/04/2023,Crystal Palace,West Ham,2022-2023,4,3,3,2,6,4,8,5,West Ham,5,8,4,6,3,13,Derrota (P)
29/04/2023,Brentford,Nott'm Forest,2022-2023,2,1,0,1,8,3,6,0,Brentford,6,0,8,3,2,6,Remontada (G)
29/04/2023,Brighton,Wolves,2022-2023,6,0,4,0,8,2,2,5,Wolves,5,2,2,8,0,7,Derrota (P)
30/04/2023,Bournemouth,Leeds,2022-2023,4,1,2,1,7,6,2,6,Leeds,6,2,6,7,1,8,Derrota (P)
30/04/2023,Fulham,Man City,2022-2023,1,2,1,2,1,9,2,5,Fulham,2,5,1,9,1,7,Derrota (P)
30/04/2023,Man United,Aston Villa,2022-2023,1,0,1,0,6,1,1,4,Aston Villa,4,1,1,6,0,5,Derrota (P)
30/04/2023,Newcastle,Southampton,2022-2023,3,1,0,1,5,3,11,2,Newcastle,11,2,5,3,3,13,Remontada (G)
30/04/2023,Liverpool,Tottenham,2022-2023,4,3,3,1,4,7,5,2,Tottenham,2,5,7,4,3,7,Derrota (P)
01/05/2023,Leicester,Everton,2022-2023,2,2,2,1,6,8,2,9,Everton,9,2,8,6,2,11,Empate (E)
02/05/2023,Arsenal,Chelsea,2022-2023,3,1,3,0,10,4,7,2,Chelsea,2,7,4,10,1,9,Derrota (P)
03/05/2023,Liverpool,Fulham,2022-2023,1,0,1,0,3,3,7,5,Fulham,5,7,3,3,0,12,Derrota (P)
06/05/2023,Man City,Leeds,2022-2023,2,1,2,0,6,2,10,1,Leeds,1,10,2,6,1,11,Derrota (P)
06/05/2023,Tottenham,Crystal Palace,2022-2023,1,0,1,0,3,2,8,4,Crystal Palace,4,8,2,3,0,12,Derrota (P)
06/05/2023,Wolves,Aston Villa,2022-2023,1,0,1,0,2,3,5,6,Aston Villa,6,5,3,2,0,11,Derrota (P)
06/05/2023,Liverpool,Brentford,2022-2023,1,0,1,0,5,1,7,3,Brentford,3,7,1,5,0,10,Derrota (P)
07/05/2023,Newcastle,Arsenal,2022-2023,0,2,0,1,5,6,9,4,Newcastle,9,4,5,6,0,13,Derrota (P)
07/05/2023,West Ham,Man United,2022-2023,1,0,1,0,4,4,5,6,Man United,6,5,4,4,0,11,Derrota (P)
08/05/2023,Fulham,Leicester,2022-2023,5,3,3,0,7,9,2,7,Leicester,7,2,9,7,3,9,Derrota (P)
08/05/2023,Brighton,Everton,2022-2023,1,5,0,3,5,5,15,1,Brighton,15,1,5,5,1,16,Derrota (P)
08/05/2023,Nott'm Forest,Southampton,2022-2023,4,3,3,1,4,5,2,11,Southampton,11,2,5,4,3,13,Derrota (P)
13/05/2023,Aston Villa,Tottenham,2022-2023,2,1,1,0,4,2,8,3,Tottenham,3,8,2,4,1,11,Derrota (P)
13/05/2023,Chelsea,Nott'm Forest,2022-2023,2,2,0,1,6,2,2,5,Chelsea,2,5,6,2,2,7,Empate (E)
13/05/2023,Crystal Palace,Bournemouth,2022-2023,2,0,1,0,5,0,11,2,Bournemouth,2,11,0,5,0,13,Derrota (P)
13/05/2023,Man United,Wolves,2022-2023,2,0,1,0,9,0,11,7,Wolves,7,11,0,9,0,18,Derrota (P)
14/05/2023,Brentford,West Ham,2022-2023,2,0,2,0,10,4,7,5,West Ham,5,7,4,10,0,12,Derrota (P)
14/05/2023,Everton,Man City,2022-2023,0,3,0,2,3,4,8,6,Everton,8,6,3,4,0,14,Derrota (P)
15/05/2023,Leicester,Liverpool,2022-2023,0,3,0,2,4,5,4,4,Leicester,4,4,4,5,0,8,Derrota (P)
18/05/2023,Newcastle,Brighton,2022-2023,4,1,2,0,9,2,6,1,Brighton,1,6,2,9,1,7,Derrota (P)
20/05/2023,Tottenham,Brentford,2022-2023,1,3,1,0,8,4,8,2,Brentford,2,8,4,8,3,10,Remontada (G)
20/05/2023,Bournemouth,Man United,2022-2023,0,1,0,1,4,5,3,6,Bournemouth,3,6,4,5,0,9,Derrota (P)
20/05/2023,Liverpool,Aston Villa,2022-2023,1,1,0,1,5,3,9,4,Liverpool,9,4,5,3,1,13,Empate (E)
20/05/2023,Wolves,Everton,2022-2023,1,1,1,0,5,4,1,7,Everton,7,1,4,5,1,8,Empate (E)
20/05/2023,Nott'm Forest,Arsenal,2022-2023,1,0,1,0,2,3,3,6,Arsenal,6,3,3,2,0,9,Derrota (P)
21/05/2023,Brighton,Southampton,2022-2023,3,1,2,0,8,1,4,3,Southampton,3,4,1,8,1,7,Derrota (P)
21/05/2023,Man City,Chelsea,2022-2023,1,0,1,0,2,6,5,2,Chelsea,2,5,6,2,0,7,Derrota (P)
25/05/2023,Man United,Chelsea,2022-2023,4,1,2,0,9,5,3,4,Chelsea,4,3,5,9,1,7,Derrota (P)
28/05/2023,Arsenal,Wolves,2022-2023,5,0,3,0,8,0,8,4,Wolves,4,8,0,8,0,12,Derrota (P)
28/05/2023,Aston Villa,Brighton,2022-2023,2,1,2,1,5,4,4,3,Brighton,3,4,4,5,1,7,Derrota (P)
28/05/2023,Crystal Palace,Nott'm Forest,2022-2023,1,1,0,1,4,4,5,4,Crystal Palace,5,4,4,4,1,9,Empate (E)
28/05/2023,Leeds,Tottenham,2022-2023,1,4,0,1,2,7,12,3,Leeds,12,3,2,7,1,15,Derrota (P)
28/05/2023,Leicester,West Ham,2022-2023,2,1,1,0,4,3,3,5,West Ham,5,3,3,4,1,8,Derrota (P)
11/08/2023,Burnley,Man City,2023-2024,0,3,0,2,1,8,6,5,Burnley,6,5,1,8,0,11,Derrota (P)
12/08/2023,Arsenal,Nott'm Forest,2023-2024,2,1,2,0,7,2,8,3,Nott'm Forest,3,8,2,7,1,11,Derrota (P)
12/08/2023,Brighton,Luton,2023-2024,4,1,1,0,12,3,6,7,Luton,7,6,3,12,1,13,Derrota (P)
12/08/2023,Newcastle,Aston Villa,2023-2024,5,1,2,1,13,6,6,5,Aston Villa,5,6,6,13,1,11,Derrota (P)
18/08/2023,Nott'm Forest,Sheffield United,2023-2024,2,1,1,0,4,3,6,7,Sheffield United,7,6,3,4,1,13,Derrota (P)
19/08/2023,Fulham,Brentford,2023-2024,0,3,0,1,2,8,5,5,Fulham,5,5,2,8,0,10,Derrota (P)
19/08/2023,Liverpool,Bournemouth,2023-2024,3,1,2,1,10,5,10,2,Bournemouth,2,10,5,10,1,12,Derrota (P)
19/08/2023,Wolves,Brighton,2023-2024,1,4,0,1,5,8,5,3,Wolves,5,3,5,8,1,8,Derrota (P)
19/08/2023,Man City,Newcastle,2023-2024,1,0,1,0,4,1,3,0,Newcastle,0,3,1,4,0,3,Derrota (P)
20/08/2023,Aston Villa,Everton,2023-2024,4,0,2,0,7,2,7,6,Everton,6,7,2,7,0,13,Derrota (P)
25/08/2023,Chelsea,Luton,2023-2024,3,0,1,0,8,1,6,4,Luton,4,6,1,8,0,10,Derrota (P)
26/08/2023,Bournemouth,Tottenham,2023-2024,0,2,0,1,3,6,6,2,Bournemouth,6,2,3,6,0,8,Derrota (P)
26/08/2023,Arsenal,Fulham,2023-2024,2,2,0,1,11,3,8,3,Arsenal,8,3,11,3,2,11,Empate (E)
26/08/2023,Brentford,Crystal Palace,2023-2024,1,1,1,0,1,5,8,6,Crystal Palace,6,8,5,1,1,14,Empate (E)
26/08/2023,Man United,Nott'm Forest,2023-2024,3,2,1,2,9,4,11,3,Man United,11,3,9,4,3,14,Remontada (G)
26/08/2023,Brighton,West Ham,2023-2024,1,3,0,1,10,3,17,4,Brighton,17,4,10,3,1,21,Derrota (P)
27/08/2023,Burnley,Aston Villa,2023-2024,1,3,0,2,2,6,4,6,Burnley,4,6,2,6,1,10,Derrota (P)
27/08/2023,Newcastle,Liverpool,2023-2024,1,2,1,0,8,4,5,9,Liverpool,9,5,4,8,2,14,Remontada (G)
01/09/2023,Luton,West Ham,2023-2024,1,2,0,1,1,3,9,6,Luton,9,6,1,3,1,15,Derrota (P)
02/09/2023,Sheffield United,Everton,2023-2024,2,2,2,1,8,6,4,6,Everton,6,4,6,8,2,10,Empate (E)
02/09/2023,Burnley,Tottenham,2023-2024,2,5,1,2,4,10,7,4,Burnley,7,4,4,10,2,11,Derrota (P)
02/09/2023,Man City,Fulham,2023-2024,5,1,2,1,5,4,4,5,Fulham,5,4,4,5,1,9,Derrota (P)
02/09/2023,Brighton,Newcastle,2023-2024,3,1,1,0,6,2,5,3,Newcastle,3,5,2,6,1,8,Derrota (P)
03/09/2023,Liverpool,Aston Villa,2023-2024,3,0,2,0,4,3,7,3,Aston Villa,3,7,3,4,0,10,Derrota (P)
16/09/2023,Wolves,Liverpool,2023-2024,1,3,1,0,2,6,4,4,Liverpool,4,4,6,2,3,8,Remontada (G)
16/09/2023,Man United,Brighton,2023-2024,1,3,0,1,4,8,8,1,Man United,8,1,4,8,1,9,Derrota (P)
16/09/2023,West Ham,Man City,2023-2024,1,3,1,0,3,15,4,11,Man City,11,4,15,3,3,15,Remontada (G)
18/09/2023,Nott'm Forest,Burnley,2023-2024,1,1,0,1,4,3,5,4,Nott'm Forest,5,4,4,3,1,9,Empate (E)
23/09/2023,Man City,Nott'm Forest,2023-2024,2,0,2,0,4,3,6,6,Nott'm Forest,6,6,3,4,0,12,Derrota (P)
23/09/2023,Burnley,Man United,2023-2024,0,1,0,1,4,4,9,5,Burnley,9,5,4,4,0,14,Derrota (P)
24/09/2023,Sheffield United,Newcastle,2023-2024,0,8,0,3,1,15,2,6,Sheffield United,2,6,1,15,0,8,Derrota (P)
30/09/2023,Aston Villa,Brighton,2023-2024,6,1,3,0,9,3,1,3,Brighton,3,1,3,9,1,4,Derrota (P)
30/09/2023,Bournemouth,Arsenal,2023-2024,0,4,0,2,1,8,6,6,Bournemouth,6,6,1,8,0,12,Derrota (P)
30/09/2023,Everton,Luton,2023-2024,1,2,1,2,5,2,3,6,Everton,3,6,5,2,1,9,Derrota (P)
30/09/2023,Man United,Crystal Palace,2023-2024,0,1,0,1,4,2,10,4,Man United,10,4,4,2,0,14,Derrota (P)
30/09/2023,Newcastle,Burnley,2023-2024,2,0,1,0,8,2,5,3,Burnley,3,5,2,8,0,8,Derrota (P)
30/09/2023,West Ham,Sheffield United,2023-2024,2,0,2,0,9,2,7,4,Sheffield United,4,7,2,9,0,11,Derrota (P)
30/09/2023,Wolves,Man City,2023-2024,2,1,1,0,1,8,0,6,Man City,6,0,8,1,1,6,Derrota (P)
02/10/2023,Fulham,Chelsea,2023-2024,0,2,0,2,3,4,8,1,Fulham,8,1,3,4,0,9,Derrota (P)
03/10/2023,Luton,Burnley,2023-2024,1,2,0,1,3,4,7,6,Luton,7,6,3,4,1,13,Derrota (P)
07/10/2023,Everton,Bournemouth,2023-2024,3,0,2,0,8,4,8,7,Bournemouth,7,8,4,8,0,15,Derrota (P)
07/10/2023,Man United,Brentford,2023-2024,2,1,0,1,8,3,7,5,Man United,7,5,8,3,2,12,Remontada (G)
08/10/2023,Brighton,Liverpool,2023-2024,2,2,1,2,3,4,8,1,Brighton,8,1,3,4,2,9,Empate (E)
08/10/2023,West Ham,Newcastle,2023-2024,2,2,1,0,3,3,4,2,Newcastle,2,4,3,3,2,6,Empate (E)
21/10/2023,Bournemouth,Wolves,2023-2024,1,2,1,0,4,7,3,12,Wolves,12,3,7,4,2,15,Remontada (G)
21/10/2023,Brentford,Burnley,2023-2024,3,0,1,0,10,1,5,5,Burnley,5,5,1,10,0,10,Derrota (P)
21/10/2023,Man City,Brighton,2023-2024,2,1,2,0,6,3,2,2,Brighton,2,2,3,6,1,4,Derrota (P)
21/10/2023,Newcastle,Crystal Palace,2023-2024,4,0,3,0,7,3,6,8,Crystal Palace,8,6,3,7,0,14,Derrota (P)
21/10/2023,Chelsea,Arsenal,2023-2024,2,2,1,0,5,3,2,7,Arsenal,7,2,3,5,2,9,Empate (E)
22/10/2023,Aston Villa,West Ham,2023-2024,4,1,1,0,7,4,8,7,West Ham,7,8,4,7,1,15,Derrota (P)
23/10/2023,Tottenham,Fulham,2023-2024,2,0,1,0,5,3,3,5,Fulham,5,3,3,5,0,8,Derrota (P)
28/10/2023,Arsenal,Sheffield United,2023-2024,5,0,1,0,8,0,6,1,Sheffield United,1,6,0,8,0,7,Derrota (P)
28/10/2023,Wolves,Newcastle,2023-2024,2,2,1,2,6,5,8,7,Wolves,8,7,6,5,2,15,Empate (E)
29/10/2023,Aston Villa,Luton,2023-2024,3,1,1,0,6,1,6,4,Luton,4,6,1,6,1,10,Derrota (P)
29/10/2023,Brighton,Fulham,2023-2024,1,1,1,0,7,5,7,3,Fulham,3,7,5,7,1,10,Empate (E)
29/10/2023,Liverpool,Nott'm Forest,2023-2024,3,0,2,0,8,1,8,3,Nott'm Forest,3,8,1,8,0,11,Derrota (P)
29/10/2023,Man United,Man City,2023-2024,0,3,0,1,3,10,7,12,Man United,7,12,3,10,0,19,Derrota (P)
04/11/2023,Brentford,West Ham,2023-2024,3,2,1,2,4,2,4,3,Brentford,4,3,4,2,3,7,Remontada (G)
04/11/2023,Burnley,Crystal Palace,2023-2024,0,2,0,1,5,3,12,1,Burnley,12,1,5,3,0,13,Derrota (P)
04/11/2023,Everton,Brighton,2023-2024,1,1,1,0,4,2,3,3,Brighton,3,3,2,4,1,6,Empate (E)
04/11/2023,Man City,Bournemouth,2023-2024,6,1,3,0,8,1,12,1,Bournemouth,1,12,1,8,1,13,Derrota (P)
05/11/2023,Nott'm Forest,Aston Villa,2023-2024,2,0,1,0,3,3,0,10,Aston Villa,10,0,3,3,0,10,Derrota (P)
11/11/2023,Wolves,Tottenham,2023-2024,2,1,0,1,4,2,11,3,Wolves,11,3,4,2,2,14,Remontada (G)
11/11/2023,Arsenal,Burnley,2023-2024,3,1,1,0,6,5,3,3,Burnley,3,3,5,6,1,6,Derrota (P)
12/11/2023,Aston Villa,Fulham,2023-2024,3,1,2,0,6,5,2,2,Fulham,2,2,5,6,1,4,Derrota (P)
12/11/2023,Brighton,Sheffield United,2023-2024,1,1,1,0,6,1,6,3,Sheffield United,3,6,1,6,1,9,Empate (E)
12/11/2023,Liverpool,Brentford,2023-2024,3,0,1,0,10,3,6,8,Brentford,8,6,3,10,0,14,Derrota (P)
25/11/2023,Man City,Liverpool,2023-2024,1,1,1,0,5,3,9,6,Liverpool,6,9,3,5,1,15,Empate (E)
25/11/2023,Nott'm Forest,Brighton,2023-2024,2,3,1,2,5,5,6,4,Nott'm Forest,6,4,5,5,2,10,Derrota (P)
25/11/2023,Sheffield United,Bournemouth,2023-2024,1,3,0,2,2,11,4,7,Sheffield United,4,7,2,11,1,11,Derrota (P)
26/11/2023,Everton,Man United,2023-2024,0,3,0,1,6,4,6,5,Everton,6,5,6,4,0,11,Derrota (P)
02/12/2023,Arsenal,Wolves,2023-2024,2,1,2,0,6,3,4,0,Wolves,0,4,3,6,1,4,Derrota (P)
02/12/2023,Burnley,Sheffield United,2023-2024,5,0,2,0,7,3,6,1,Sheffield United,1,6,3,7,0,7,Derrota (P)
03/12/2023,Chelsea,Brighton,2023-2024,3,2,2,1,5,9,5,8,Brighton,8,5,9,5,2,13,Derrota (P)
03/12/2023,West Ham,Crystal Palace,2023-2024,1,1,1,0,3,2,2,3,Crystal Palace,3,2,2,3,1,5,Empate (E)
03/12/2023,Man City,Tottenham,2023-2024,3,3,2,1,4,4,10,8,Tottenham,8,10,4,4,3,18,Empate (E)
05/12/2023,Wolves,Burnley,2023-2024,1,0,1,0,4,3,6,8,Burnley,8,6,3,4,0,14,Derrota (P)
05/12/2023,Luton,Arsenal,2023-2024,3,4,1,2,4,9,3,8,Luton,3,8,4,9,3,11,Derrota (P)
06/12/2023,Crystal Palace,Bournemouth,2023-2024,0,2,0,1,3,4,3,9,Crystal Palace,3,9,3,4,0,12,Derrota (P)
06/12/2023,Fulham,Nott'm Forest,2023-2024,5,0,2,0,6,1,6,1,Nott'm Forest,1,6,1,6,0,7,Derrota (P)
06/12/2023,Sheffield United,Liverpool,2023-2024,0,2,0,1,1,8,2,12,Sheffield United,2,12,1,8,0,14,Derrota (P)
07/12/2023,Tottenham,West Ham,2023-2024,1,2,1,0,7,5,8,4,West Ham,4,8,5,7,2,12,Remontada (G)
09/12/2023,Brighton,Burnley,2023-2024,1,1,0,1,11,3,9,1,Brighton,9,1,11,3,1,10,Empate (E)
09/12/2023,Man United,Bournemouth,2023-2024,0,3,0,1,3,4,10,4,Man United,10,4,3,4,0,14,Derrota (P)
09/12/2023,Sheffield United,Brentford,2023-2024,1,0,1,0,4,4,3,4,Brentford,4,3,4,4,0,7,Derrota (P)
09/12/2023,Aston Villa,Arsenal,2023-2024,1,0,1,0,3,5,3,3,Arsenal,3,3,5,3,0,6,Derrota (P)
10/12/2023,Fulham,West Ham,2023-2024,5,0,3,0,8,5,3,6,West Ham,6,3,5,8,0,9,Derrota (P)
10/12/2023,Luton,Man City,2023-2024,1,2,1,0,2,6,6,3,Man City,3,6,6,2,2,9,Remontada (G)
10/12/2023,Tottenham,Newcastle,2023-2024,4,1,2,0,12,3,3,6,Newcastle,6,3,3,12,1,9,Derrota (P)
15/12/2023,Nott'm Forest,Tottenham,2023-2024,0,2,0,1,1,6,6,4,Nott'm Forest,6,4,1,6,0,10,Derrota (P)
16/12/2023,Man City,Crystal Palace,2023-2024,2,2,1,0,9,2,6,1,Crystal Palace,1,6,2,9,2,7,Empate (E)
16/12/2023,Burnley,Everton,2023-2024,0,2,0,2,2,6,8,6,Burnley,8,6,2,6,0,14,Derrota (P)
17/12/2023,Brentford,Aston Villa,2023-2024,1,2,1,0,3,5,7,12,Aston Villa,12,7,5,3,2,19,Remontada (G)
17/12/2023,West Ham,Wolves,2023-2024,3,0,2,0,4,3,6,6,Wolves,6,6,3,4,0,12,Derrota (P)
21/12/2023,Crystal Palace,Brighton,2023-2024,1,1,1,0,3,6,3,1,Brighton,1,3,6,3,1,4,Empate (E)
23/12/2023,Luton,Newcastle,2023-2024,1,0,1,0,5,2,6,7,Newcastle,7,6,2,5,0,13,Derrota (P)
23/12/2023,Tottenham,Everton,2023-2024,2,1,2,0,6,8,3,8,Everton,8,3,8,6,1,11,Derrota (P)
26/12/2023,Bournemouth,Fulham,2023-2024,3,0,1,0,4,3,6,5,Fulham,5,6,3,4,0,11,Derrota (P)
26/12/2023,Sheffield United,Luton,2023-2024,2,3,0,1,6,4,9,4,Sheffield United,9,4,6,4,2,13,Derrota (P)
26/12/2023,Burnley,Liverpool,2023-2024,0,2,0,1,0,10,4,4,Burnley,4,4,0,10,0,8,Derrota (P)
26/12/2023,Man United,Aston Villa,2023-2024,3,2,0,2,7,4,3,6,Man United,3,6,7,4,3,9,Remontada (G)
27/12/2023,Brentford,Wolves,2023-2024,1,4,1,3,4,5,8,2,Brentford,8,2,4,5,1,10,Derrota (P)
27/12/2023,Everton,Man City,2023-2024,1,3,1,0,2,9,8,4,Man City,4,8,9,2,3,12,Remontada (G)
28/12/2023,Brighton,Tottenham,2023-2024,4,2,2,0,9,3,7,6,Tottenham,6,7,3,9,2,13,Derrota (P)
28/12/2023,Arsenal,West Ham,2023-2024,0,2,0,1,8,3,10,3,Arsenal,10,3,8,3,0,13,Derrota (P)
30/12/2023,Luton,Chelsea,2023-2024,2,3,0,2,6,8,7,2,Luton,7,2,6,8,2,9,Derrota (P)
30/12/2023,Aston Villa,Burnley,2023-2024,3,2,2,1,7,5,6,2,Burnley,2,6,5,7,2,8,Derrota (P)
30/12/2023,Crystal Palace,Brentford,2023-2024,3,1,2,1,6,4,7,4,Brentford,4,7,4,6,1,11,Derrota (P)
30/12/2023,Man City,Sheffield United,2023-2024,2,0,1,0,4,2,12,2,Sheffield United,2,12,2,4,0,14,Derrota (P)
30/12/2023,Wolves,Everton,2023-2024,3,0,1,0,6,0,5,2,Everton,2,5,0,6,0,7,Derrota (P)
31/12/2023,Tottenham,Bournemouth,2023-2024,3,1,1,0,6,4,4,13,Bournemouth,13,4,4,6,1,17,Derrota (P)
12/01/2024,Burnley,Luton,2023-2024,1,1,1,0,7,5,2,8,Luton,8,2,5,7,1,10,Empate (E)
13/01/2024,Chelsea,Fulham,2023-2024,1,0,1,0,3,4,6,4,Fulham,4,6,4,3,0,10,Derrota (P)
13/01/2024,Newcastle,Man City,2023-2024,2,3,2,1,5,11,3,13,Man City,13,3,11,5,3,16,Remontada (G)
14/01/2024,Man United,Tottenham,2023-2024,2,2,2,1,2,6,8,13,Tottenham,13,8,6,2,2,21,Empate (E)
20/01/2024,Arsenal,Crystal Palace,2023-2024,5,0,2,0,6,5,6,7,Crystal Palace,7,6,5,6,0,13,Derrota (P)
30/01/2024,Luton,Brighton,2023-2024,4,0,3,0,8,2,7,4,Brighton,4,7,2,8,0,11,Derrota (P)
30/01/2024,Aston Villa,Newcastle,2023-2024,1,3,0,2,6,5,8,7,Aston Villa,8,7,6,5,1,15,Derrota (P)
31/01/2024,Man City,Burnley,2023-2024,3,1,2,0,4,3,7,3,Burnley,3,7,3,4,1,10,Derrota (P)
31/01/2024,Tottenham,Brentford,2023-2024,3,2,0,1,5,5,5,3,Tottenham,5,3,5,5,3,8,Remontada (G)
31/01/2024,Liverpool,Chelsea,2023-2024,4,1,2,0,13,3,8,1,Chelsea,1,8,3,13,1,9,Derrota (P)
01/02/2024,West Ham,Bournemouth,2023-2024,1,1,0,1,3,4,1,5,West Ham,1,5,3,4,1,6,Empate (E)
01/02/2024,Wolves,Man United,2023-2024,3,4,0,2,7,8,4,5,Wolves,4,5,7,8,3,9,Derrota (P)
03/02/2024,Everton,Tottenham,2023-2024,2,2,1,2,5,6,9,5,Everton,9,5,5,6,2,14,Empate (E)
03/02/2024,Brighton,Crystal Palace,2023-2024,4,1,3,0,6,5,3,2,Crystal Palace,2,3,5,6,1,5,Derrota (P)
03/02/2024,Burnley,Fulham,2023-2024,2,2,0,2,4,7,2,13,Burnley,2,13,4,7,2,15,Empate (E)
03/02/2024,Sheffield United,Aston Villa,2023-2024,0,5,0,4,5,10,3,4,Sheffield United,3,4,5,10,0,7,Derrota (P)
04/02/2024,Chelsea,Wolves,2023-2024,2,4,1,2,6,7,10,1,Chelsea,10,1,6,7,2,11,Derrota (P)
04/02/2024,Man United,West Ham,2023-2024,3,0,1,0,5,3,5,8,West Ham,8,5,3,5,0,13,Derrota (P)
10/02/2024,Fulham,Bournemouth,2023-2024,3,1,2,0,6,4,1,14,Bournemouth,14,1,4,6,1,15,Derrota (P)
10/02/2024,Luton,Sheffield United,2023-2024,1,3,0,2,5,3,13,1,Luton,13,1,5,3,1,14,Derrota (P)
10/02/2024,Tottenham,Brighton,2023-2024,2,1,0,1,6,3,9,6,Tottenham,9,6,6,3,2,15,Remontada (G)
10/02/2024,Wolves,Brentford,2023-2024,0,2,0,1,5,6,7,4,Wolves,7,4,5,6,0,11,Derrota (P)
11/02/2024,West Ham,Arsenal,2023-2024,0,6,0,4,1,12,2,6,West Ham,2,6,1,12,0,8,Derrota (P)
11/02/2024,Aston Villa,Man United,2023-2024,1,2,0,1,10,5,10,8,Aston Villa,10,8,10,5,1,18,Derrota (P)
12/02/2024,Crystal Palace,Chelsea,2023-2024,1,3,1,0,4,5,1,7,Chelsea,7,1,5,4,3,8,Remontada (G)
17/02/2024,Brentford,Liverpool,2023-2024,1,4,0,1,6,8,1,6,Brentford,1,6,6,8,1,7,Derrota (P)
17/02/2024,Burnley,Arsenal,2023-2024,0,5,0,2,0,7,4,6,Burnley,4,6,0,7,0,10,Derrota (P)
17/02/2024,Fulham,Aston Villa,2023-2024,1,2,0,1,4,3,4,4,Fulham,4,4,4,3,1,8,Derrota (P)
17/02/2024,Nott'm Forest,West Ham,2023-2024,2,0,1,0,8,3,5,3,West Ham,3,5,3,8,0,8,Derrota (P)
17/02/2024,Tottenham,Wolves,2023-2024,1,2,0,1,4,7,10,4,Tottenham,10,4,4,7,1,14,Derrota (P)
17/02/2024,Man City,Chelsea,2023-2024,1,1,0,1,5,6,12,1,Man City,12,1,5,6,1,13,Empate (E)
18/02/2024,Sheffield United,Brighton,2023-2024,0,5,0,2,1,10,5,10,Sheffield United,5,10,1,10,0,15,Derrota (P)
18/02/2024,Luton,Man United,2023-2024,1,2,1,2,4,9,8,6,Luton,8,6,4,9,1,14,Derrota (P)
21/02/2024,Liverpool,Luton,2023-2024,4,1,0,1,13,3,13,4,Liverpool,13,4,13,3,4,17,Remontada (G)
24/02/2024,Aston Villa,Nott'm Forest,2023-2024,4,2,3,1,6,3,7,2,Nott'm Forest,2,7,3,6,2,9,Derrota (P)
24/02/2024,Bournemouth,Man City,2023-2024,0,1,0,1,4,6,3,8,Bournemouth,3,8,4,6,0,11,Derrota (P)
24/02/2024,Arsenal,Newcastle,2023-2024,4,1,2,0,8,2,9,0,Newcastle,0,9,2,8,1,9,Derrota (P)
25/02/2024,Wolves,Sheffield United,2023-2024,1,0,1,0,2,4,5,6,Sheffield United,6,5,4,2,0,11,Derrota (P)
26/02/2024,West Ham,Brentford,2023-2024,4,2,2,1,6,8,1,7,Brentford,7,1,8,6,2,8,Derrota (P)
02/03/2024,Brentford,Chelsea,2023-2024,2,2,0,1,5,6,0,6,Brentford,0,6,5,6,2,6,Empate (E)
02/03/2024,Fulham,Brighton,2023-2024,3,0,2,0,5,5,2,6,Brighton,6,2,5,5,0,8,Derrota (P)
02/03/2024,Newcastle,Wolves,2023-2024,3,0,2,0,7,3,3,5,Wolves,5,3,3,7,0,8,Derrota (P)
02/03/2024,Luton,Aston Villa,2023-2024,2,3,0,2,5,8,8,6,Luton,8,6,5,8,2,14,Derrota (P)
03/03/2024,Burnley,Bournemouth,2023-2024,0,2,0,1,6,3,7,2,Burnley,7,2,6,3,0,9,Derrota (P)
03/03/2024,Man City,Man United,2023-2024,3,1,0,1,8,1,15,2,Man City,15,2,8,1,3,17,Remontada (G)
04/03/2024,Sheffield United,Arsenal,2023-2024,0,6,0,5,0,10,0,7,Sheffield United,0,7,0,10,0,7,Derrota (P)
09/03/2024,Man United,Everton,2023-2024,2,0,2,0,8,6,5,8,Everton,8,5,6,8,0,13,Derrota (P)
09/03/2024,Bournemouth,Sheffield United,2023-2024,2,2,0,1,12,9,10,3,Bournemouth,10,3,12,9,2,13,Empate (E)
09/03/2024,Crystal Palace,Luton,2023-2024,1,1,1,0,4,2,8,6,Luton,6,8,2,4,1,14,Empate (E)
10/03/2024,Brighton,Nott'm Forest,2023-2024,1,0,1,0,3,4,6,3,Nott'm Forest,3,6,4,3,0,9,Derrota (P)
10/03/2024,West Ham,Burnley,2023-2024,2,2,0,2,4,4,4,4,West Ham,4,4,4,4,2,8,Empate (E)
10/03/2024,Liverpool,Man City,2023-2024,1,1,0,1,6,6,7,4,Liverpool,7,4,6,6,1,11,Empate (E)
13/03/2024,Bournemouth,Luton,2023-2024,4,3,0,3,10,4,11,3,Bournemouth,11,3,10,4,4,14,Remontada (G)
16/03/2024,Burnley,Brentford,2023-2024,2,1,1,0,6,5,5,4,Brentford,4,5,5,6,1,9,Derrota (P)
16/03/2024,Luton,Nott'm Forest,2023-2024,1,1,0,1,4,6,6,7,Luton,6,7,4,6,1,13,Empate (E)
16/03/2024,Fulham,Tottenham,2023-2024,3,0,1,0,7,5,4,5,Tottenham,5,4,5,7,0,9,Derrota (P)
17/03/2024,West Ham,Aston Villa,2023-2024,1,1,1,0,5,5,7,11,Aston Villa,11,7,5,5,1,18,Empate (E)
30/03/2024,Newcastle,West Ham,2023-2024,4,3,1,2,9,4,3,4,Newcastle,3,4,9,4,4,7,Remontada (G)
30/03/2024,Chelsea,Burnley,2023-2024,2,2,1,0,13,7,12,4,Burnley,4,12,7,13,2,16,Empate (E)
30/03/2024,Nott'm Forest,Crystal Palace,2023-2024,1,1,0,1,5,3,4,6,Nott'm Forest,4,6,5,3,1,10,Empate (E)
30/03/2024,Tottenham,Luton,2023-2024,2,1,0,1,4,3,3,6,Tottenham,3,6,4,3,2,9,Remontada (G)
30/03/2024,Aston Villa,Wolves,2023-2024,2,0,1,0,5,3,5,4,Wolves,4,5,3,5,0,9,Derrota (P)
02/04/2024,Newcastle,Everton,2023-2024,1,1,1,0,6,3,7,3,Everton,3,7,3,6,1,10,Empate (E)
02/04/2024,Nott'm Forest,Fulham,2023-2024,3,1,3,0,4,3,3,8,Fulham,8,3,3,4,1,11,Derrota (P)
03/04/2024,Arsenal,Luton,2023-2024,2,0,2,0,4,1,3,1,Luton,1,3,1,4,0,4,Derrota (P)
03/04/2024,Man City,Aston Villa,2023-2024,4,1,2,1,11,3,2,3,Aston Villa,3,2,3,11,1,5,Derrota (P)
04/04/2024,Liverpool,Sheffield United,2023-2024,3,1,1,0,9,3,13,1,Sheffield United,1,13,3,9,1,14,Derrota (P)
06/04/2024,Aston Villa,Brentford,2023-2024,3,3,1,0,3,3,11,3,Brentford,3,11,3,3,3,14,Empate (E)
06/04/2024,Everton,Burnley,2023-2024,1,0,1,0,3,1,3,5,Burnley,5,3,1,3,0,8,Derrota (P)
06/04/2024,Wolves,West Ham,2023-2024,1,2,1,0,7,4,4,4,West Ham,4,4,4,7,2,8,Remontada (G)
06/04/2024,Brighton,Arsenal,2023-2024,0,3,0,1,2,7,8,7,Brighton,8,7,2,7,0,15,Derrota (P)
07/04/2024,Man United,Liverpool,2023-2024,2,2,0,1,5,7,6,11,Man United,6,11,5,7,2,17,Empate (E)
13/04/2024,Newcastle,Tottenham,2023-2024,4,0,2,0,5,2,16,3,Tottenham,3,16,2,5,0,19,Derrota (P)
13/04/2024,Man City,Luton,2023-2024,5,1,1,0,13,2,12,1,Luton,1,12,2,13,1,13,Derrota (P)
13/04/2024,Bournemouth,Man United,2023-2024,2,2,2,1,5,2,7,2,Man United,2,7,2,5,2,9,Empate (E)
14/04/2024,Liverpool,Crystal Palace,2023-2024,0,1,0,1,6,5,11,1,Liverpool,11,1,6,5,0,12,Derrota (P)
14/04/2024,West Ham,Fulham,2023-2024,0,2,0,1,4,10,8,3,West Ham,8,3,4,10,0,11,Derrota (P)
15/04/2024,Chelsea,Everton,2023-2024,6,0,4,0,10,2,4,8,Everton,8,4,2,10,0,12,Derrota (P)
20/04/2024,Luton,Brentford,2023-2024,1,5,0,2,3,9,4,9,Luton,4,9,3,9,1,13,Derrota (P)
20/04/2024,Sheffield United,Burnley,2023-2024,1,4,0,2,11,9,11,2,Sheffield United,11,2,11,9,1,13,Derrota (P)
20/04/2024,Wolves,Arsenal,2023-2024,0,2,0,1,3,9,1,2,Wolves,1,2,3,9,0,3,Derrota (P)
21/04/2024,Everton,Nott'm Forest,2023-2024,2,0,1,0,4,3,6,4,Nott'm Forest,4,6,3,4,0,10,Derrota (P)
21/04/2024,Crystal Palace,West Ham,2023-2024,5,2,4,1,7,1,4,0,West Ham,0,4,1,7,2,4,Derrota (P)
23/04/2024,Arsenal,Chelsea,2023-2024,5,0,1,0,10,1,4,2,Chelsea,2,4,1,10,0,6,Derrota (P)
24/04/2024,Wolves,Bournemouth,2023-2024,0,1,0,1,4,6,8,12,Wolves,8,12,4,6,0,20,Derrota (P)
24/04/2024,Everton,Liverpool,2023-2024,2,0,1,0,6,7,4,13,Liverpool,13,4,7,6,0,17,Derrota (P)
25/04/2024,Brighton,Man City,2023-2024,0,4,0,3,3,6,4,4,Brighton,4,4,3,6,0,8,Derrota (P)
27/04/2024,West Ham,Liverpool,2023-2024,2,2,1,0,8,8,5,8,Liverpool,8,5,8,8,2,13,Empate (E)
27/04/2024,Wolves,Luton,2023-2024,2,1,1,0,5,6,4,4,Luton,4,4,6,5,1,8,Derrota (P)
27/04/2024,Aston Villa,Chelsea,2023-2024,2,2,2,0,4,5,2,4,Chelsea,4,2,5,4,2,6,Empate (E)
28/04/2024,Bournemouth,Brighton,2023-2024,3,0,1,0,6,1,8,2,Brighton,2,8,1,6,0,10,Derrota (P)
28/04/2024,Tottenham,Arsenal,2023-2024,2,3,0,3,2,3,8,6,Tottenham,8,6,2,3,2,14,Derrota (P)
28/04/2024,Nott'm Forest,Man City,2023-2024,0,2,0,1,2,5,4,5,Nott'm Forest,4,5,2,5,0,9,Derrota (P)
02/05/2024,Chelsea,Tottenham,2023-2024,2,0,1,0,5,3,4,9,Tottenham,9,4,3,5,0,13,Derrota (P)
04/05/2024,Arsenal,Bournemouth,2023-2024,3,0,1,0,9,2,6,1,Bournemouth,1,6,2,9,0,7,Derrota (P)
04/05/2024,Burnley,Newcastle,2023-2024,1,4,0,3,5,11,4,11,Burnley,4,11,5,11,1,15,Derrota (P)
04/05/2024,Man City,Wolves,2023-2024,5,1,3,0,12,1,6,0,Wolves,0,6,1,12,1,6,Derrota (P)
05/05/2024,Chelsea,West Ham,2023-2024,5,0,3,0,14,2,8,6,West Ham,6,8,2,14,0,14,Derrota (P)
05/05/2024,Liverpool,Tottenham,2023-2024,4,2,2,0,13,6,8,3,Tottenham,3,8,6,13,2,11,Derrota (P)
06/05/2024,Crystal Palace,Man United,2023-2024,4,0,2,0,10,2,6,3,Man United,3,6,2,10,0,9,Derrota (P)
11/05/2024,Fulham,Man City,2023-2024,0,4,0,1,1,9,1,7,Fulham,1,7,1,9,0,8,Derrota (P)
11/05/2024,Everton,Sheffield United,2023-2024,1,0,1,0,6,1,3,6,Sheffield United,6,3,1,6,0,9,Derrota (P)
11/05/2024,West Ham,Luton,2023-2024,3,1,0,1,8,1,7,6,West Ham,7,6,8,1,3,13,Remontada (G)
11/05/2024,Wolves,Crystal Palace,2023-2024,1,3,0,2,7,3,8,3,Wolves,8,3,7,3,1,11,Derrota (P)
12/05/2024,Man United,Arsenal,2023-2024,0,1,0,1,2,5,4,7,Man United,4,7,2,5,0,11,Derrota (P)
13/05/2024,Aston Villa,Liverpool,2023-2024,3,3,1,2,5,7,5,4,Aston Villa,5,4,5,7,3,9,Empate (E)
15/05/2024,Brighton,Chelsea,2023-2024,1,2,0,1,2,6,4,6,Brighton,4,6,2,6,1,10,Derrota (P)
15/05/2024,Man United,Newcastle,2023-2024,3,2,1,0,8,8,9,9,Newcastle,9,9,8,8,2,18,Derrota (P)
19/05/2024,Brentford,Newcastle,2023-2024,2,4,0,3,5,7,3,0,Brentford,3,0,5,7,2,3,Derrota (P)
19/05/2024,Burnley,Nott'm Forest,2023-2024,1,2,0,2,3,6,4,3,Burnley,4,3,3,6,1,7,Derrota (P)
19/05/2024,Chelsea,Bournemouth,2023-2024,2,1,1,0,6,5,6,5,Bournemouth,5,6,5,6,1,11,Derrota (P)
19/05/2024,Crystal Palace,Aston Villa,2023-2024,5,0,2,0,9,2,2,4,Aston Villa,4,2,2,9,0,6,Derrota (P)
19/05/2024,Liverpool,Wolves,2023-2024,2,0,2,0,14,3,10,2,Wolves,2,10,3,14,0,12,Derrota (P)
19/05/2024,Luton,Fulham,2023-2024,2,4,1,2,6,7,4,4,Luton,4,4,6,7,2,8,Derrota (P)
19/05/2024,Man City,West Ham,2023-2024,3,1,2,1,12,2,11,2,West Ham,2,11,2,12,1,13,Derrota (P)
19/05/2024,Sheffield United,Tottenham,2023-2024,0,3,0,1,1,9,2,6,Sheffield United,2,6,1,9,0,8,Derrota (P)
